epitope,homologous_epitope,hla_allele,mhc_binding,homologous_mhc_binding
SKHTPINLVRDLPQG,SKHTPIIVEPERDLPQG,HLA-C*05:01,30427.66,19636.27
KVCEFQFCNDPFLGVYYHKNNKSWMESEFRVYSSANNCTFEYV,KVCEFQFCNDPFLDHKNNKSWMESEFRVYSSANNCTFEYV,HLA-C*05:01,483.31,483.31
NLDSKVGGNY,NKLDSKVSGNY,HLA-C*05:01,37398.12,32612.51
TPINLVRDL,TPIIVEPERDL,HLA-C*05:01,31128.62,19636.27
KHTPINLVRDLPQGF,KHTPIIVEPERDLPQGF,HLA-C*05:01,25320.68,19636.27
VNFNFNGLT,VNFNFNGLKGT,HLA-C*05:01,37195.93,38098.95
FKIYSKHTPINLVRD,FKIYSKHTPIIVEPERD,HLA-C*05:01,8777.98,9781.02
LGVYYHKNNKSWMES,LDHKNNKSWMES,HLA-C*05:01,29423.67,41071.25
LPFFSNVTWFHAIHV,LPFFSNVTWFHV,HLA-C*05:01,8860.04,3217.77
NVTWFHAIHVSGTNG,NVTWFHVISGTNG,HLA-C*05:01,8860.04,36719.3
FQFCNDPFLGVYYHK,FQFCNDPFLDHK,HLA-C*05:01,2545.3,2545.3
PFFSNVTWFHAIHVS,PFFSNVTWFHVIS,HLA-C*05:01,8860.04,3217.77
PINLVRDLPQGFSAL,PIIVEPERDLPQGFSAL,HLA-C*05:01,21132.5,19636.27
PINLVRDLPQGFWAL,PIIVEPERDLPQGFSAL,HLA-C*05:01,19091.97,19636.27
HVSGTNGTK,HVISGTNGTK,HLA-C*05:01,38019.48,36425.28
CEFQFCNDPFLGVYYH,CEFQFCNDPFLDH,HLA-C*05:01,2545.3,2545.3
CEFQFCNDPFLGVYYHK,CEFQFCNDPFLDHK,HLA-C*05:01,,2545.3
CEFQFCNDPFLGVYYHKN,CEFQFCNDPFLDHKN,HLA-C*05:01,2545.3,2545.3
DFTGCVIAWNSNNLDSKVG,DFTGCVIAWNSNKLDSKVSG,HLA-C*05:01,6328.25,6239.86
DFTGCVIAWNSNNLDSKVG,DFTGCVIAWNSNKLDSKVSG,HLA-C*05:01,6328.25,6239.86
EFQFCNDPFLGVYYH,EFQFCNDPFLDH,HLA-C*05:01,2545.3,2545.3
EFQFCNDPFLGVYYH,EFQFCNDPFLDH,HLA-C*05:01,2545.3,2545.3
EFQFCNDPFLGVYYHK,EFQFCNDPFLDHK,HLA-C*05:01,2545.3,2545.3
EFQFCNDPFLGVYYHK,EFQFCNDPFLDHK,HLA-C*05:01,2545.3,2545.3
EFQFCNDPFLGVYYHKN,EFQFCNDPFLDHKN,HLA-C*05:01,2545.3,2545.3
EFQFCNDPFLGVYYHKN,EFQFCNDPFLDHKN,HLA-C*05:01,2545.3,2545.3
FCNDPFLGVYYH,FCNDPFLDH,HLA-C*05:01,3868.45,30737.37
FCNDPFLGVYYH,FCNDPFLDH,HLA-C*05:01,3868.45,30737.37
FQFCNDPFLGVYYH,FQFCNDPFLDH,HLA-C*05:01,2545.3,2545.3
FQFCNDPFLGVYYH,FQFCNDPFLDH,HLA-C*05:01,2545.3,2545.3
GCVIAWNSNNLDSKVG,GCVIAWNSNKLDSKVSG,HLA-C*05:01,6328.25,6239.86
HTPINLVRDLPQ,HTPIIVEPERDLPQ,HLA-C*05:01,31128.62,19636.27
HTPINLVRDLPQGF,HTPIIVEPERDLPQGF,HLA-C*05:01,25320.68,19636.27
KHTPINLVRDLPQG,KHTPIIVEPERDLPQG,HLA-C*05:01,31128.62,19636.27
LPDDFTGCVIAWNSNNLDSKVG,LPDDFTGCVIAWNSNKLDSKVSG,HLA-C*05:01,2970.41,2970.41
LPDDFTGCVIAWNSNNLDSKVG,LPDDFTGCVIAWNSNKLDSKVSG,HLA-C*05:01,2970.41,2970.41
TPINLVRDLPQG,TPIIVEPERDLPQG,HLA-C*05:01,31128.62,
VCEFQFCNDPFLGVYYH,VCEFQFCNDPFLDH,HLA-C*05:01,2545.3,2545.3
YFKIYSKHTPINLVR,YFKIYSKHTPIIVE,HLA-C*05:01,8777.98,9781.02
YFKIYSKHTPINLVRD,YFKIYSKHTPIIVEPERD,HLA-C*05:01,8777.98,9781.02
YFKIYSKHTPINLVRDLPQ,YFKIYSKHTPIIVEPERDLPQ,HLA-C*05:01,8777.98,9781.02
HTPINLVRDLPQGFSALEPL,HTPIIVEPERDLPQGFSALEPL,HLA-C*05:01,20516.53,19636.27
PFLGVYYH,PVLKGVKLH,HLA-C*05:01,,47107.8
PFLGVYYHK,PFLDHK,HLA-C*05:01,47198.09,
TPINLVRDLPQGFS,TPIIVEPERDLPQGFS,HLA-C*05:01,25320.68,19636.27
TPINLVRDLPQGFSA,TPIIVEPERDLPQGFSA,HLA-C*05:01,25320.68,19636.27
TPINLVRDLPQGFSALEPL,TPIIVEPERDLPQGFSALEPL,HLA-C*05:01,20516.53,19636.27
CEFQFCNDPFLGVYYHKNNK,CEFQFCNDPFLDHKNNK,HLA-C*05:01,2545.3,2545.3
EFQFCNDPFLGVYYH,EFQFCNDPFLDH,HLA-C*05:01,2545.3,2545.3
NVTWFHAIHVS,NVTWFHVIS,HLA-C*05:01,8860.04,37628.65
NVTWFHAIHVSGTN,NVTWFHVISGTN,HLA-C*05:01,8860.04,36719.3
NVTWFHAIHVSGTNGTKRFD,NVTWFHVISGTNGTKRFD,HLA-C*05:01,8860.04,24587.42
TWFHAIHVSGTNGTK,TWFHVISGTNGTK,HLA-C*05:01,38019.48,36425.28
VTWFHAIHVSGTN,VTWFHVISGTN,HLA-C*05:01,8860.04,36719.3
VTWFHAIHVSGTNGT,VTWFHVISGTNGT,HLA-C*05:01,8860.04,36425.28
LGVYYHKNNKSWMESEF,LDHKNNKSWMESEF,HLA-C*05:01,29423.67,30561.27
QFCNDPFLGVYYHKNNK,QFCNDPFLDHKNNK,HLA-C*05:01,3868.45,30737.37
WFHAIHVSGTNGTKRFD,WFHVISGTNGTKRFD,HLA-C*05:01,24587.42,24587.42
YSKHTPINLVRDLPQGF,YSKHTPIIVEPERDLPQGF,HLA-C*05:01,8777.98,9781.02
FLGVYYHKNNKSWMESE,FLDHKNNKSWMESE,HLA-C*05:01,29423.67,6699.21
FQFCNDPFLGVYYHKNNK,FQFCNDPFLDHKNNK,HLA-C*05:01,2545.3,2545.3
KVCEFQFCNDPFLGVYYHK,KVCEFQFCNDPFLDHK,HLA-C*05:01,2545.3,2545.3
LREFVFKNIDGYFKIYSKHTPINLVRD,LREFVFKNIDGYFKIYSKHTPIIVEPERD,HLA-C*05:01,8777.98,9781.02
VTWFHAIHV,VTWFHV,HLA-C*05:01,8860.04,
SKHTPINLVRDLPQG,SKHTPIIVEPERDLPQG,HLA-C*05:01,30427.66,19636.27
KVCEFQFCNDPFLGVYYHKNNKSWMESEFRVYSSANNCTFEYV,KVCEFQFCNDPFLDHKNNKSWMESEFRVYSSANNCTFEYV,HLA-C*05:01,483.31,483.31
NLDSKVGGNY,NKLDSKVSGNY,HLA-C*05:01,37398.12,32612.51
TPINLVRDL,TPIIVEPERDL,HLA-C*05:01,31128.62,19636.27
KHTPINLVRDLPQGF,KHTPIIVEPERDLPQGF,HLA-C*05:01,25320.68,19636.27
VNFNFNGLT,VNFNFNGLKGT,HLA-C*05:01,37195.93,38098.95
FKIYSKHTPINLVRD,FKIYSKHTPIIVEPERD,HLA-C*05:01,8777.98,9781.02
LGVYYHKNNKSWMES,LDHKNNKSWMES,HLA-C*05:01,29423.67,41071.25
LPFFSNVTWFHAIHV,LPFFSNVTWFHV,HLA-C*05:01,8860.04,3217.77
NVTWFHAIHVSGTNG,NVTWFHVISGTNG,HLA-C*05:01,8860.04,36719.3
FQFCNDPFLGVYYHK,FQFCNDPFLDHK,HLA-C*05:01,2545.3,2545.3
PFFSNVTWFHAIHVS,PFFSNVTWFHVIS,HLA-C*05:01,8860.04,3217.77
PINLVRDLPQGFSAL,PIIVEPERDLPQGFSAL,HLA-C*05:01,21132.5,19636.27
PINLVRDLPQGFWAL,PIIVEPERDLPQGFSAL,HLA-C*05:01,19091.97,19636.27
HVSGTNGTK,HVISGTNGTK,HLA-C*05:01,38019.48,36425.28
CEFQFCNDPFLGVYYH,CEFQFCNDPFLDH,HLA-C*05:01,2545.3,2545.3
CEFQFCNDPFLGVYYHK,CEFQFCNDPFLDHK,HLA-C*05:01,,2545.3
CEFQFCNDPFLGVYYHKN,CEFQFCNDPFLDHKN,HLA-C*05:01,2545.3,2545.3
DFTGCVIAWNSNNLDSKVG,DFTGCVIAWNSNKLDSKVSG,HLA-C*05:01,6328.25,6239.86
DFTGCVIAWNSNNLDSKVG,DFTGCVIAWNSNKLDSKVSG,HLA-C*05:01,6328.25,6239.86
EFQFCNDPFLGVYYH,EFQFCNDPFLDH,HLA-C*05:01,2545.3,2545.3
EFQFCNDPFLGVYYH,EFQFCNDPFLDH,HLA-C*05:01,2545.3,2545.3
EFQFCNDPFLGVYYHK,EFQFCNDPFLDHK,HLA-C*05:01,2545.3,2545.3
EFQFCNDPFLGVYYHK,EFQFCNDPFLDHK,HLA-C*05:01,2545.3,2545.3
EFQFCNDPFLGVYYHKN,EFQFCNDPFLDHKN,HLA-C*05:01,2545.3,2545.3
EFQFCNDPFLGVYYHKN,EFQFCNDPFLDHKN,HLA-C*05:01,2545.3,2545.3
FCNDPFLGVYYH,FCNDPFLDH,HLA-C*05:01,3868.45,30737.37
FCNDPFLGVYYH,FCNDPFLDH,HLA-C*05:01,3868.45,30737.37
FQFCNDPFLGVYYH,FQFCNDPFLDH,HLA-C*05:01,2545.3,2545.3
FQFCNDPFLGVYYH,FQFCNDPFLDH,HLA-C*05:01,2545.3,2545.3
GCVIAWNSNNLDSKVG,GCVIAWNSNKLDSKVSG,HLA-C*05:01,6328.25,6239.86
HTPINLVRDLPQ,HTPIIVEPERDLPQ,HLA-C*05:01,31128.62,19636.27
HTPINLVRDLPQGF,HTPIIVEPERDLPQGF,HLA-C*05:01,25320.68,19636.27
KHTPINLVRDLPQG,KHTPIIVEPERDLPQG,HLA-C*05:01,31128.62,19636.27
LPDDFTGCVIAWNSNNLDSKVG,LPDDFTGCVIAWNSNKLDSKVSG,HLA-C*05:01,2970.41,2970.41
LPDDFTGCVIAWNSNNLDSKVG,LPDDFTGCVIAWNSNKLDSKVSG,HLA-C*05:01,2970.41,2970.41
TPINLVRDLPQG,TPIIVEPERDLPQG,HLA-C*05:01,31128.62,
VCEFQFCNDPFLGVYYH,VCEFQFCNDPFLDH,HLA-C*05:01,2545.3,2545.3
YFKIYSKHTPINLVR,YFKIYSKHTPIIVE,HLA-C*05:01,8777.98,9781.02
YFKIYSKHTPINLVRD,YFKIYSKHTPIIVEPERD,HLA-C*05:01,8777.98,9781.02
YFKIYSKHTPINLVRDLPQ,YFKIYSKHTPIIVEPERDLPQ,HLA-C*05:01,8777.98,9781.02
HTPINLVRDLPQGFSALEPL,HTPIIVEPERDLPQGFSALEPL,HLA-C*05:01,20516.53,19636.27
PFLGVYYH,PVLKGVKLH,HLA-C*05:01,,47107.8
PFLGVYYHK,PFLDHK,HLA-C*05:01,47198.09,
TPINLVRDLPQGFS,TPIIVEPERDLPQGFS,HLA-C*05:01,25320.68,19636.27
TPINLVRDLPQGFSA,TPIIVEPERDLPQGFSA,HLA-C*05:01,25320.68,19636.27
TPINLVRDLPQGFSALEPL,TPIIVEPERDLPQGFSALEPL,HLA-C*05:01,20516.53,19636.27
CEFQFCNDPFLGVYYHKNNK,CEFQFCNDPFLDHKNNK,HLA-C*05:01,2545.3,2545.3
EFQFCNDPFLGVYYH,EFQFCNDPFLDH,HLA-C*05:01,2545.3,2545.3
NVTWFHAIHVS,NVTWFHVIS,HLA-C*05:01,8860.04,37628.65
NVTWFHAIHVSGTN,NVTWFHVISGTN,HLA-C*05:01,8860.04,36719.3
NVTWFHAIHVSGTNGTKRFD,NVTWFHVISGTNGTKRFD,HLA-C*05:01,8860.04,24587.42
TWFHAIHVSGTNGTK,TWFHVISGTNGTK,HLA-C*05:01,38019.48,36425.28
VTWFHAIHVSGTN,VTWFHVISGTN,HLA-C*05:01,8860.04,36719.3
VTWFHAIHVSGTNGT,VTWFHVISGTNGT,HLA-C*05:01,8860.04,36425.28
LGVYYHKNNKSWMESEF,LDHKNNKSWMESEF,HLA-C*05:01,29423.67,30561.27
QFCNDPFLGVYYHKNNK,QFCNDPFLDHKNNK,HLA-C*05:01,3868.45,30737.37
WFHAIHVSGTNGTKRFD,WFHVISGTNGTKRFD,HLA-C*05:01,24587.42,24587.42
YSKHTPINLVRDLPQGF,YSKHTPIIVEPERDLPQGF,HLA-C*05:01,8777.98,9781.02
FLGVYYHKNNKSWMESE,FLDHKNNKSWMESE,HLA-C*05:01,29423.67,6699.21
FQFCNDPFLGVYYHKNNK,FQFCNDPFLDHKNNK,HLA-C*05:01,2545.3,2545.3
KVCEFQFCNDPFLGVYYHK,KVCEFQFCNDPFLDHK,HLA-C*05:01,2545.3,2545.3
LREFVFKNIDGYFKIYSKHTPINLVRD,LREFVFKNIDGYFKIYSKHTPIIVEPERD,HLA-C*05:01,8777.98,9781.02
VTWFHAIHV,VTWFHV,HLA-C*05:01,8860.04,
SKHTPINLVRDLPQG,SKHTPIIVEPERDLPQG,HLA-C*05:01,30427.66,19636.27
KVCEFQFCNDPFLGVYYHKNNKSWMESEFRVYSSANNCTFEYV,KVCEFQFCNDPFLDHKNNKSWMESEFRVYSSANNCTFEYV,HLA-C*05:01,483.31,483.31
NLDSKVGGNY,NKLDSKVSGNY,HLA-C*05:01,37398.12,32612.51
TPINLVRDL,TPIIVEPERDL,HLA-C*05:01,31128.62,19636.27
KHTPINLVRDLPQGF,KHTPIIVEPERDLPQGF,HLA-C*05:01,25320.68,19636.27
VNFNFNGLT,VNFNFNGLKGT,HLA-C*05:01,37195.93,38098.95
FKIYSKHTPINLVRD,FKIYSKHTPIIVEPERD,HLA-C*05:01,8777.98,9781.02
LGVYYHKNNKSWMES,LDHKNNKSWMES,HLA-C*05:01,29423.67,41071.25
LPFFSNVTWFHAIHV,LPFFSNVTWFHV,HLA-C*05:01,8860.04,3217.77
NVTWFHAIHVSGTNG,NVTWFHVISGTNG,HLA-C*05:01,8860.04,36719.3
FQFCNDPFLGVYYHK,FQFCNDPFLDHK,HLA-C*05:01,2545.3,2545.3
PFFSNVTWFHAIHVS,PFFSNVTWFHVIS,HLA-C*05:01,8860.04,3217.77
PINLVRDLPQGFSAL,PIIVEPERDLPQGFSAL,HLA-C*05:01,21132.5,19636.27
PINLVRDLPQGFWAL,PIIVEPERDLPQGFSAL,HLA-C*05:01,19091.97,19636.27
HVSGTNGTK,HVISGTNGTK,HLA-C*05:01,38019.48,36425.28
CEFQFCNDPFLGVYYH,CEFQFCNDPFLDH,HLA-C*05:01,2545.3,2545.3
CEFQFCNDPFLGVYYHK,CEFQFCNDPFLDHK,HLA-C*05:01,,2545.3
CEFQFCNDPFLGVYYHKN,CEFQFCNDPFLDHKN,HLA-C*05:01,2545.3,2545.3
DFTGCVIAWNSNNLDSKVG,DFTGCVIAWNSNKLDSKVSG,HLA-C*05:01,6328.25,6239.86
DFTGCVIAWNSNNLDSKVG,DFTGCVIAWNSNKLDSKVSG,HLA-C*05:01,6328.25,6239.86
EFQFCNDPFLGVYYH,EFQFCNDPFLDH,HLA-C*05:01,2545.3,2545.3
EFQFCNDPFLGVYYH,EFQFCNDPFLDH,HLA-C*05:01,2545.3,2545.3
EFQFCNDPFLGVYYHK,EFQFCNDPFLDHK,HLA-C*05:01,2545.3,2545.3
EFQFCNDPFLGVYYHK,EFQFCNDPFLDHK,HLA-C*05:01,2545.3,2545.3
EFQFCNDPFLGVYYHKN,EFQFCNDPFLDHKN,HLA-C*05:01,2545.3,2545.3
EFQFCNDPFLGVYYHKN,EFQFCNDPFLDHKN,HLA-C*05:01,2545.3,2545.3
FCNDPFLGVYYH,FCNDPFLDH,HLA-C*05:01,3868.45,30737.37
FCNDPFLGVYYH,FCNDPFLDH,HLA-C*05:01,3868.45,30737.37
FQFCNDPFLGVYYH,FQFCNDPFLDH,HLA-C*05:01,2545.3,2545.3
FQFCNDPFLGVYYH,FQFCNDPFLDH,HLA-C*05:01,2545.3,2545.3
GCVIAWNSNNLDSKVG,GCVIAWNSNKLDSKVSG,HLA-C*05:01,6328.25,6239.86
HTPINLVRDLPQ,HTPIIVEPERDLPQ,HLA-C*05:01,31128.62,19636.27
HTPINLVRDLPQGF,HTPIIVEPERDLPQGF,HLA-C*05:01,25320.68,19636.27
KHTPINLVRDLPQG,KHTPIIVEPERDLPQG,HLA-C*05:01,31128.62,19636.27
LPDDFTGCVIAWNSNNLDSKVG,LPDDFTGCVIAWNSNKLDSKVSG,HLA-C*05:01,2970.41,2970.41
LPDDFTGCVIAWNSNNLDSKVG,LPDDFTGCVIAWNSNKLDSKVSG,HLA-C*05:01,2970.41,2970.41
TPINLVRDLPQG,TPIIVEPERDLPQG,HLA-C*05:01,31128.62,
VCEFQFCNDPFLGVYYH,VCEFQFCNDPFLDH,HLA-C*05:01,2545.3,2545.3
YFKIYSKHTPINLVR,YFKIYSKHTPIIVE,HLA-C*05:01,8777.98,9781.02
YFKIYSKHTPINLVRD,YFKIYSKHTPIIVEPERD,HLA-C*05:01,8777.98,9781.02
YFKIYSKHTPINLVRDLPQ,YFKIYSKHTPIIVEPERDLPQ,HLA-C*05:01,8777.98,9781.02
HTPINLVRDLPQGFSALEPL,HTPIIVEPERDLPQGFSALEPL,HLA-C*05:01,20516.53,19636.27
PFLGVYYH,PVLKGVKLH,HLA-C*05:01,,47107.8
PFLGVYYHK,PFLDHK,HLA-C*05:01,47198.09,
TPINLVRDLPQGFS,TPIIVEPERDLPQGFS,HLA-C*05:01,25320.68,19636.27
TPINLVRDLPQGFSA,TPIIVEPERDLPQGFSA,HLA-C*05:01,25320.68,19636.27
TPINLVRDLPQGFSALEPL,TPIIVEPERDLPQGFSALEPL,HLA-C*05:01,20516.53,19636.27
CEFQFCNDPFLGVYYHKNNK,CEFQFCNDPFLDHKNNK,HLA-C*05:01,2545.3,2545.3
EFQFCNDPFLGVYYH,EFQFCNDPFLDH,HLA-C*05:01,2545.3,2545.3
NVTWFHAIHVS,NVTWFHVIS,HLA-C*05:01,8860.04,37628.65
NVTWFHAIHVSGTN,NVTWFHVISGTN,HLA-C*05:01,8860.04,36719.3
NVTWFHAIHVSGTNGTKRFD,NVTWFHVISGTNGTKRFD,HLA-C*05:01,8860.04,24587.42
TWFHAIHVSGTNGTK,TWFHVISGTNGTK,HLA-C*05:01,38019.48,36425.28
VTWFHAIHVSGTN,VTWFHVISGTN,HLA-C*05:01,8860.04,36719.3
VTWFHAIHVSGTNGT,VTWFHVISGTNGT,HLA-C*05:01,8860.04,36425.28
LGVYYHKNNKSWMESEF,LDHKNNKSWMESEF,HLA-C*05:01,29423.67,30561.27
QFCNDPFLGVYYHKNNK,QFCNDPFLDHKNNK,HLA-C*05:01,3868.45,30737.37
WFHAIHVSGTNGTKRFD,WFHVISGTNGTKRFD,HLA-C*05:01,24587.42,24587.42
YSKHTPINLVRDLPQGF,YSKHTPIIVEPERDLPQGF,HLA-C*05:01,8777.98,9781.02
FLGVYYHKNNKSWMESE,FLDHKNNKSWMESE,HLA-C*05:01,29423.67,6699.21
FQFCNDPFLGVYYHKNNK,FQFCNDPFLDHKNNK,HLA-C*05:01,2545.3,2545.3
KVCEFQFCNDPFLGVYYHK,KVCEFQFCNDPFLDHK,HLA-C*05:01,2545.3,2545.3
LREFVFKNIDGYFKIYSKHTPINLVRD,LREFVFKNIDGYFKIYSKHTPIIVEPERD,HLA-C*05:01,8777.98,9781.02
VTWFHAIHV,VTWFHV,HLA-C*05:01,8860.04,
SKHTPINLVRDLPQG,SKHTPIIVEPERDLPQG,HLA-C*05:01,30427.66,19636.27
KVCEFQFCNDPFLGVYYHKNNKSWMESEFRVYSSANNCTFEYV,KVCEFQFCNDPFLDHKNNKSWMESEFRVYSSANNCTFEYV,HLA-C*05:01,483.31,483.31
NLDSKVGGNY,NKLDSKVSGNY,HLA-C*05:01,37398.12,32612.51
TPINLVRDL,TPIIVEPERDL,HLA-C*05:01,31128.62,19636.27
KHTPINLVRDLPQGF,KHTPIIVEPERDLPQGF,HLA-C*05:01,25320.68,19636.27
VNFNFNGLT,VNFNFNGLKGT,HLA-C*05:01,37195.93,38098.95
FKIYSKHTPINLVRD,FKIYSKHTPIIVEPERD,HLA-C*05:01,8777.98,9781.02
LGVYYHKNNKSWMES,LDHKNNKSWMES,HLA-C*05:01,29423.67,41071.25
LPFFSNVTWFHAIHV,LPFFSNVTWFHV,HLA-C*05:01,8860.04,3217.77
NVTWFHAIHVSGTNG,NVTWFHVISGTNG,HLA-C*05:01,8860.04,36719.3
FQFCNDPFLGVYYHK,FQFCNDPFLDHK,HLA-C*05:01,2545.3,2545.3
PFFSNVTWFHAIHVS,PFFSNVTWFHVIS,HLA-C*05:01,8860.04,3217.77
PINLVRDLPQGFSAL,PIIVEPERDLPQGFSAL,HLA-C*05:01,21132.5,19636.27
PINLVRDLPQGFWAL,PIIVEPERDLPQGFSAL,HLA-C*05:01,19091.97,19636.27
HVSGTNGTK,HVISGTNGTK,HLA-C*05:01,38019.48,36425.28
CEFQFCNDPFLGVYYH,CEFQFCNDPFLDH,HLA-C*05:01,2545.3,2545.3
CEFQFCNDPFLGVYYHK,CEFQFCNDPFLDHK,HLA-C*05:01,,2545.3
CEFQFCNDPFLGVYYHKN,CEFQFCNDPFLDHKN,HLA-C*05:01,2545.3,2545.3
DFTGCVIAWNSNNLDSKVG,DFTGCVIAWNSNKLDSKVSG,HLA-C*05:01,6328.25,6239.86
DFTGCVIAWNSNNLDSKVG,DFTGCVIAWNSNKLDSKVSG,HLA-C*05:01,6328.25,6239.86
EFQFCNDPFLGVYYH,EFQFCNDPFLDH,HLA-C*05:01,2545.3,2545.3
EFQFCNDPFLGVYYH,EFQFCNDPFLDH,HLA-C*05:01,2545.3,2545.3
EFQFCNDPFLGVYYHK,EFQFCNDPFLDHK,HLA-C*05:01,2545.3,2545.3
EFQFCNDPFLGVYYHK,EFQFCNDPFLDHK,HLA-C*05:01,2545.3,2545.3
EFQFCNDPFLGVYYHKN,EFQFCNDPFLDHKN,HLA-C*05:01,2545.3,2545.3
EFQFCNDPFLGVYYHKN,EFQFCNDPFLDHKN,HLA-C*05:01,2545.3,2545.3
FCNDPFLGVYYH,FCNDPFLDH,HLA-C*05:01,3868.45,30737.37
FCNDPFLGVYYH,FCNDPFLDH,HLA-C*05:01,3868.45,30737.37
FQFCNDPFLGVYYH,FQFCNDPFLDH,HLA-C*05:01,2545.3,2545.3
FQFCNDPFLGVYYH,FQFCNDPFLDH,HLA-C*05:01,2545.3,2545.3
GCVIAWNSNNLDSKVG,GCVIAWNSNKLDSKVSG,HLA-C*05:01,6328.25,6239.86
HTPINLVRDLPQ,HTPIIVEPERDLPQ,HLA-C*05:01,31128.62,19636.27
HTPINLVRDLPQGF,HTPIIVEPERDLPQGF,HLA-C*05:01,25320.68,19636.27
KHTPINLVRDLPQG,KHTPIIVEPERDLPQG,HLA-C*05:01,31128.62,19636.27
LPDDFTGCVIAWNSNNLDSKVG,LPDDFTGCVIAWNSNKLDSKVSG,HLA-C*05:01,2970.41,2970.41
LPDDFTGCVIAWNSNNLDSKVG,LPDDFTGCVIAWNSNKLDSKVSG,HLA-C*05:01,2970.41,2970.41
TPINLVRDLPQG,TPIIVEPERDLPQG,HLA-C*05:01,31128.62,
VCEFQFCNDPFLGVYYH,VCEFQFCNDPFLDH,HLA-C*05:01,2545.3,2545.3
YFKIYSKHTPINLVR,YFKIYSKHTPIIVE,HLA-C*05:01,8777.98,9781.02
YFKIYSKHTPINLVRD,YFKIYSKHTPIIVEPERD,HLA-C*05:01,8777.98,9781.02
YFKIYSKHTPINLVRDLPQ,YFKIYSKHTPIIVEPERDLPQ,HLA-C*05:01,8777.98,9781.02
HTPINLVRDLPQGFSALEPL,HTPIIVEPERDLPQGFSALEPL,HLA-C*05:01,20516.53,19636.27
PFLGVYYH,PVLKGVKLH,HLA-C*05:01,,47107.8
PFLGVYYHK,PFLDHK,HLA-C*05:01,47198.09,
TPINLVRDLPQGFS,TPIIVEPERDLPQGFS,HLA-C*05:01,25320.68,19636.27
TPINLVRDLPQGFSA,TPIIVEPERDLPQGFSA,HLA-C*05:01,25320.68,19636.27
TPINLVRDLPQGFSALEPL,TPIIVEPERDLPQGFSALEPL,HLA-C*05:01,20516.53,19636.27
CEFQFCNDPFLGVYYHKNNK,CEFQFCNDPFLDHKNNK,HLA-C*05:01,2545.3,2545.3
EFQFCNDPFLGVYYH,EFQFCNDPFLDH,HLA-C*05:01,2545.3,2545.3
NVTWFHAIHVS,NVTWFHVIS,HLA-C*05:01,8860.04,37628.65
NVTWFHAIHVSGTN,NVTWFHVISGTN,HLA-C*05:01,8860.04,36719.3
NVTWFHAIHVSGTNGTKRFD,NVTWFHVISGTNGTKRFD,HLA-C*05:01,8860.04,24587.42
TWFHAIHVSGTNGTK,TWFHVISGTNGTK,HLA-C*05:01,38019.48,36425.28
VTWFHAIHVSGTN,VTWFHVISGTN,HLA-C*05:01,8860.04,36719.3
VTWFHAIHVSGTNGT,VTWFHVISGTNGT,HLA-C*05:01,8860.04,36425.28
LGVYYHKNNKSWMESEF,LDHKNNKSWMESEF,HLA-C*05:01,29423.67,30561.27
QFCNDPFLGVYYHKNNK,QFCNDPFLDHKNNK,HLA-C*05:01,3868.45,30737.37
WFHAIHVSGTNGTKRFD,WFHVISGTNGTKRFD,HLA-C*05:01,24587.42,24587.42
YSKHTPINLVRDLPQGF,YSKHTPIIVEPERDLPQGF,HLA-C*05:01,8777.98,9781.02
FLGVYYHKNNKSWMESE,FLDHKNNKSWMESE,HLA-C*05:01,29423.67,6699.21
FQFCNDPFLGVYYHKNNK,FQFCNDPFLDHKNNK,HLA-C*05:01,2545.3,2545.3
KVCEFQFCNDPFLGVYYHK,KVCEFQFCNDPFLDHK,HLA-C*05:01,2545.3,2545.3
LREFVFKNIDGYFKIYSKHTPINLVRD,LREFVFKNIDGYFKIYSKHTPIIVEPERD,HLA-C*05:01,8777.98,9781.02
VTWFHAIHV,VTWFHV,HLA-C*05:01,8860.04,
SKHTPINLVRDLPQG,SKHTPIIVEPERDLPQG,HLA-C*05:01,30427.66,19636.27
KVCEFQFCNDPFLGVYYHKNNKSWMESEFRVYSSANNCTFEYV,KVCEFQFCNDPFLDHKNNKSWMESEFRVYSSANNCTFEYV,HLA-C*05:01,483.31,483.31
NLDSKVGGNY,NKLDSKVSGNY,HLA-C*05:01,37398.12,32612.51
TPINLVRDL,TPIIVEPERDL,HLA-C*05:01,31128.62,19636.27
KHTPINLVRDLPQGF,KHTPIIVEPERDLPQGF,HLA-C*05:01,25320.68,19636.27
VNFNFNGLT,VNFNFNGLKGT,HLA-C*05:01,37195.93,38098.95
FKIYSKHTPINLVRD,FKIYSKHTPIIVEPERD,HLA-C*05:01,8777.98,9781.02
LGVYYHKNNKSWMES,LDHKNNKSWMES,HLA-C*05:01,29423.67,41071.25
LPFFSNVTWFHAIHV,LPFFSNVTWFHV,HLA-C*05:01,8860.04,3217.77
NVTWFHAIHVSGTNG,NVTWFHVISGTNG,HLA-C*05:01,8860.04,36719.3
FQFCNDPFLGVYYHK,FQFCNDPFLDHK,HLA-C*05:01,2545.3,2545.3
PFFSNVTWFHAIHVS,PFFSNVTWFHVIS,HLA-C*05:01,8860.04,3217.77
PINLVRDLPQGFSAL,PIIVEPERDLPQGFSAL,HLA-C*05:01,21132.5,19636.27
PINLVRDLPQGFWAL,PIIVEPERDLPQGFSAL,HLA-C*05:01,19091.97,19636.27
HVSGTNGTK,HVISGTNGTK,HLA-C*05:01,38019.48,36425.28
CEFQFCNDPFLGVYYH,CEFQFCNDPFLDH,HLA-C*05:01,2545.3,2545.3
CEFQFCNDPFLGVYYHK,CEFQFCNDPFLDHK,HLA-C*05:01,,2545.3
CEFQFCNDPFLGVYYHKN,CEFQFCNDPFLDHKN,HLA-C*05:01,2545.3,2545.3
DFTGCVIAWNSNNLDSKVG,DFTGCVIAWNSNKLDSKVSG,HLA-C*05:01,6328.25,6239.86
DFTGCVIAWNSNNLDSKVG,DFTGCVIAWNSNKLDSKVSG,HLA-C*05:01,6328.25,6239.86
EFQFCNDPFLGVYYH,EFQFCNDPFLDH,HLA-C*05:01,2545.3,2545.3
EFQFCNDPFLGVYYH,EFQFCNDPFLDH,HLA-C*05:01,2545.3,2545.3
EFQFCNDPFLGVYYHK,EFQFCNDPFLDHK,HLA-C*05:01,2545.3,2545.3
EFQFCNDPFLGVYYHK,EFQFCNDPFLDHK,HLA-C*05:01,2545.3,2545.3
EFQFCNDPFLGVYYHKN,EFQFCNDPFLDHKN,HLA-C*05:01,2545.3,2545.3
EFQFCNDPFLGVYYHKN,EFQFCNDPFLDHKN,HLA-C*05:01,2545.3,2545.3
FCNDPFLGVYYH,FCNDPFLDH,HLA-C*05:01,3868.45,30737.37
FCNDPFLGVYYH,FCNDPFLDH,HLA-C*05:01,3868.45,30737.37
FQFCNDPFLGVYYH,FQFCNDPFLDH,HLA-C*05:01,2545.3,2545.3
FQFCNDPFLGVYYH,FQFCNDPFLDH,HLA-C*05:01,2545.3,2545.3
GCVIAWNSNNLDSKVG,GCVIAWNSNKLDSKVSG,HLA-C*05:01,6328.25,6239.86
HTPINLVRDLPQ,HTPIIVEPERDLPQ,HLA-C*05:01,31128.62,19636.27
HTPINLVRDLPQGF,HTPIIVEPERDLPQGF,HLA-C*05:01,25320.68,19636.27
KHTPINLVRDLPQG,KHTPIIVEPERDLPQG,HLA-C*05:01,31128.62,19636.27
LPDDFTGCVIAWNSNNLDSKVG,LPDDFTGCVIAWNSNKLDSKVSG,HLA-C*05:01,2970.41,2970.41
LPDDFTGCVIAWNSNNLDSKVG,LPDDFTGCVIAWNSNKLDSKVSG,HLA-C*05:01,2970.41,2970.41
TPINLVRDLPQG,TPIIVEPERDLPQG,HLA-C*05:01,31128.62,
VCEFQFCNDPFLGVYYH,VCEFQFCNDPFLDH,HLA-C*05:01,2545.3,2545.3
YFKIYSKHTPINLVR,YFKIYSKHTPIIVE,HLA-C*05:01,8777.98,9781.02
YFKIYSKHTPINLVRD,YFKIYSKHTPIIVEPERD,HLA-C*05:01,8777.98,9781.02
YFKIYSKHTPINLVRDLPQ,YFKIYSKHTPIIVEPERDLPQ,HLA-C*05:01,8777.98,9781.02
HTPINLVRDLPQGFSALEPL,HTPIIVEPERDLPQGFSALEPL,HLA-C*05:01,20516.53,19636.27
PFLGVYYH,PVLKGVKLH,HLA-C*05:01,,47107.8
PFLGVYYHK,PFLDHK,HLA-C*05:01,47198.09,
TPINLVRDLPQGFS,TPIIVEPERDLPQGFS,HLA-C*05:01,25320.68,19636.27
TPINLVRDLPQGFSA,TPIIVEPERDLPQGFSA,HLA-C*05:01,25320.68,19636.27
TPINLVRDLPQGFSALEPL,TPIIVEPERDLPQGFSALEPL,HLA-C*05:01,20516.53,19636.27
CEFQFCNDPFLGVYYHKNNK,CEFQFCNDPFLDHKNNK,HLA-C*05:01,2545.3,2545.3
EFQFCNDPFLGVYYH,EFQFCNDPFLDH,HLA-C*05:01,2545.3,2545.3
NVTWFHAIHVS,NVTWFHVIS,HLA-C*05:01,8860.04,37628.65
NVTWFHAIHVSGTN,NVTWFHVISGTN,HLA-C*05:01,8860.04,36719.3
NVTWFHAIHVSGTNGTKRFD,NVTWFHVISGTNGTKRFD,HLA-C*05:01,8860.04,24587.42
TWFHAIHVSGTNGTK,TWFHVISGTNGTK,HLA-C*05:01,38019.48,36425.28
VTWFHAIHVSGTN,VTWFHVISGTN,HLA-C*05:01,8860.04,36719.3
VTWFHAIHVSGTNGT,VTWFHVISGTNGT,HLA-C*05:01,8860.04,36425.28
LGVYYHKNNKSWMESEF,LDHKNNKSWMESEF,HLA-C*05:01,29423.67,30561.27
QFCNDPFLGVYYHKNNK,QFCNDPFLDHKNNK,HLA-C*05:01,3868.45,30737.37
WFHAIHVSGTNGTKRFD,WFHVISGTNGTKRFD,HLA-C*05:01,24587.42,24587.42
YSKHTPINLVRDLPQGF,YSKHTPIIVEPERDLPQGF,HLA-C*05:01,8777.98,9781.02
FLGVYYHKNNKSWMESE,FLDHKNNKSWMESE,HLA-C*05:01,29423.67,6699.21
FQFCNDPFLGVYYHKNNK,FQFCNDPFLDHKNNK,HLA-C*05:01,2545.3,2545.3
KVCEFQFCNDPFLGVYYHK,KVCEFQFCNDPFLDHK,HLA-C*05:01,2545.3,2545.3
LREFVFKNIDGYFKIYSKHTPINLVRD,LREFVFKNIDGYFKIYSKHTPIIVEPERD,HLA-C*05:01,8777.98,9781.02
VTWFHAIHV,VTWFHV,HLA-C*05:01,8860.04,
SKHTPINLVRDLPQG,SKHTPIIVEPERDLPQG,HLA-C*05:01,30427.66,19636.27
KVCEFQFCNDPFLGVYYHKNNKSWMESEFRVYSSANNCTFEYV,KVCEFQFCNDPFLDHKNNKSWMESEFRVYSSANNCTFEYV,HLA-C*05:01,483.31,483.31
NLDSKVGGNY,NKLDSKVSGNY,HLA-C*05:01,37398.12,32612.51
TPINLVRDL,TPIIVEPERDL,HLA-C*05:01,31128.62,19636.27
KHTPINLVRDLPQGF,KHTPIIVEPERDLPQGF,HLA-C*05:01,25320.68,19636.27
VNFNFNGLT,VNFNFNGLKGT,HLA-C*05:01,37195.93,38098.95
FKIYSKHTPINLVRD,FKIYSKHTPIIVEPERD,HLA-C*05:01,8777.98,9781.02
LGVYYHKNNKSWMES,LDHKNNKSWMES,HLA-C*05:01,29423.67,41071.25
LPFFSNVTWFHAIHV,LPFFSNVTWFHV,HLA-C*05:01,8860.04,3217.77
NVTWFHAIHVSGTNG,NVTWFHVISGTNG,HLA-C*05:01,8860.04,36719.3
FQFCNDPFLGVYYHK,FQFCNDPFLDHK,HLA-C*05:01,2545.3,2545.3
PFFSNVTWFHAIHVS,PFFSNVTWFHVIS,HLA-C*05:01,8860.04,3217.77
PINLVRDLPQGFSAL,PIIVEPERDLPQGFSAL,HLA-C*05:01,21132.5,19636.27
PINLVRDLPQGFWAL,PIIVEPERDLPQGFSAL,HLA-C*05:01,19091.97,19636.27
HVSGTNGTK,HVISGTNGTK,HLA-C*05:01,38019.48,36425.28
CEFQFCNDPFLGVYYH,CEFQFCNDPFLDH,HLA-C*05:01,2545.3,2545.3
CEFQFCNDPFLGVYYHK,CEFQFCNDPFLDHK,HLA-C*05:01,,2545.3
CEFQFCNDPFLGVYYHKN,CEFQFCNDPFLDHKN,HLA-C*05:01,2545.3,2545.3
DFTGCVIAWNSNNLDSKVG,DFTGCVIAWNSNKLDSKVSG,HLA-C*05:01,6328.25,6239.86
DFTGCVIAWNSNNLDSKVG,DFTGCVIAWNSNKLDSKVSG,HLA-C*05:01,6328.25,6239.86
EFQFCNDPFLGVYYH,EFQFCNDPFLDH,HLA-C*05:01,2545.3,2545.3
EFQFCNDPFLGVYYH,EFQFCNDPFLDH,HLA-C*05:01,2545.3,2545.3
EFQFCNDPFLGVYYHK,EFQFCNDPFLDHK,HLA-C*05:01,2545.3,2545.3
EFQFCNDPFLGVYYHK,EFQFCNDPFLDHK,HLA-C*05:01,2545.3,2545.3
EFQFCNDPFLGVYYHKN,EFQFCNDPFLDHKN,HLA-C*05:01,2545.3,2545.3
EFQFCNDPFLGVYYHKN,EFQFCNDPFLDHKN,HLA-C*05:01,2545.3,2545.3
FCNDPFLGVYYH,FCNDPFLDH,HLA-C*05:01,3868.45,30737.37
FCNDPFLGVYYH,FCNDPFLDH,HLA-C*05:01,3868.45,30737.37
FQFCNDPFLGVYYH,FQFCNDPFLDH,HLA-C*05:01,2545.3,2545.3
FQFCNDPFLGVYYH,FQFCNDPFLDH,HLA-C*05:01,2545.3,2545.3
GCVIAWNSNNLDSKVG,GCVIAWNSNKLDSKVSG,HLA-C*05:01,6328.25,6239.86
HTPINLVRDLPQ,HTPIIVEPERDLPQ,HLA-C*05:01,31128.62,19636.27
HTPINLVRDLPQGF,HTPIIVEPERDLPQGF,HLA-C*05:01,25320.68,19636.27
KHTPINLVRDLPQG,KHTPIIVEPERDLPQG,HLA-C*05:01,31128.62,19636.27
LPDDFTGCVIAWNSNNLDSKVG,LPDDFTGCVIAWNSNKLDSKVSG,HLA-C*05:01,2970.41,2970.41
LPDDFTGCVIAWNSNNLDSKVG,LPDDFTGCVIAWNSNKLDSKVSG,HLA-C*05:01,2970.41,2970.41
TPINLVRDLPQG,TPIIVEPERDLPQG,HLA-C*05:01,31128.62,
VCEFQFCNDPFLGVYYH,VCEFQFCNDPFLDH,HLA-C*05:01,2545.3,2545.3
YFKIYSKHTPINLVR,YFKIYSKHTPIIVE,HLA-C*05:01,8777.98,9781.02
YFKIYSKHTPINLVRD,YFKIYSKHTPIIVEPERD,HLA-C*05:01,8777.98,9781.02
YFKIYSKHTPINLVRDLPQ,YFKIYSKHTPIIVEPERDLPQ,HLA-C*05:01,8777.98,9781.02
HTPINLVRDLPQGFSALEPL,HTPIIVEPERDLPQGFSALEPL,HLA-C*05:01,20516.53,19636.27
PFLGVYYH,PVLKGVKLH,HLA-C*05:01,,47107.8
PFLGVYYHK,PFLDHK,HLA-C*05:01,47198.09,
TPINLVRDLPQGFS,TPIIVEPERDLPQGFS,HLA-C*05:01,25320.68,19636.27
TPINLVRDLPQGFSA,TPIIVEPERDLPQGFSA,HLA-C*05:01,25320.68,19636.27
TPINLVRDLPQGFSALEPL,TPIIVEPERDLPQGFSALEPL,HLA-C*05:01,20516.53,19636.27
CEFQFCNDPFLGVYYHKNNK,CEFQFCNDPFLDHKNNK,HLA-C*05:01,2545.3,2545.3
EFQFCNDPFLGVYYH,EFQFCNDPFLDH,HLA-C*05:01,2545.3,2545.3
NVTWFHAIHVS,NVTWFHVIS,HLA-C*05:01,8860.04,37628.65
NVTWFHAIHVSGTN,NVTWFHVISGTN,HLA-C*05:01,8860.04,36719.3
NVTWFHAIHVSGTNGTKRFD,NVTWFHVISGTNGTKRFD,HLA-C*05:01,8860.04,24587.42
TWFHAIHVSGTNGTK,TWFHVISGTNGTK,HLA-C*05:01,38019.48,36425.28
VTWFHAIHVSGTN,VTWFHVISGTN,HLA-C*05:01,8860.04,36719.3
VTWFHAIHVSGTNGT,VTWFHVISGTNGT,HLA-C*05:01,8860.04,36425.28
LGVYYHKNNKSWMESEF,LDHKNNKSWMESEF,HLA-C*05:01,29423.67,30561.27
QFCNDPFLGVYYHKNNK,QFCNDPFLDHKNNK,HLA-C*05:01,3868.45,30737.37
WFHAIHVSGTNGTKRFD,WFHVISGTNGTKRFD,HLA-C*05:01,24587.42,24587.42
YSKHTPINLVRDLPQGF,YSKHTPIIVEPERDLPQGF,HLA-C*05:01,8777.98,9781.02
FLGVYYHKNNKSWMESE,FLDHKNNKSWMESE,HLA-C*05:01,29423.67,6699.21
FQFCNDPFLGVYYHKNNK,FQFCNDPFLDHKNNK,HLA-C*05:01,2545.3,2545.3
KVCEFQFCNDPFLGVYYHK,KVCEFQFCNDPFLDHK,HLA-C*05:01,2545.3,2545.3
LREFVFKNIDGYFKIYSKHTPINLVRD,LREFVFKNIDGYFKIYSKHTPIIVEPERD,HLA-C*05:01,8777.98,9781.02
VTWFHAIHV,VTWFHV,HLA-C*05:01,8860.04,
SKHTPINLVRDLPQG,SKHTPIIVEPERDLPQG,HLA-C*05:01,30427.66,19636.27
KVCEFQFCNDPFLGVYYHKNNKSWMESEFRVYSSANNCTFEYV,KVCEFQFCNDPFLDHKNNKSWMESEFRVYSSANNCTFEYV,HLA-C*05:01,483.31,483.31
NLDSKVGGNY,NKLDSKVSGNY,HLA-C*05:01,37398.12,32612.51
TPINLVRDL,TPIIVEPERDL,HLA-C*05:01,31128.62,19636.27
KHTPINLVRDLPQGF,KHTPIIVEPERDLPQGF,HLA-C*05:01,25320.68,19636.27
VNFNFNGLT,VNFNFNGLKGT,HLA-C*05:01,37195.93,38098.95
FKIYSKHTPINLVRD,FKIYSKHTPIIVEPERD,HLA-C*05:01,8777.98,9781.02
LGVYYHKNNKSWMES,LDHKNNKSWMES,HLA-C*05:01,29423.67,41071.25
LPFFSNVTWFHAIHV,LPFFSNVTWFHV,HLA-C*05:01,8860.04,3217.77
NVTWFHAIHVSGTNG,NVTWFHVISGTNG,HLA-C*05:01,8860.04,36719.3
FQFCNDPFLGVYYHK,FQFCNDPFLDHK,HLA-C*05:01,2545.3,2545.3
PFFSNVTWFHAIHVS,PFFSNVTWFHVIS,HLA-C*05:01,8860.04,3217.77
PINLVRDLPQGFSAL,PIIVEPERDLPQGFSAL,HLA-C*05:01,21132.5,19636.27
PINLVRDLPQGFWAL,PIIVEPERDLPQGFSAL,HLA-C*05:01,19091.97,19636.27
HVSGTNGTK,HVISGTNGTK,HLA-C*05:01,38019.48,36425.28
CEFQFCNDPFLGVYYH,CEFQFCNDPFLDH,HLA-C*05:01,2545.3,2545.3
CEFQFCNDPFLGVYYHK,CEFQFCNDPFLDHK,HLA-C*05:01,,2545.3
CEFQFCNDPFLGVYYHKN,CEFQFCNDPFLDHKN,HLA-C*05:01,2545.3,2545.3
DFTGCVIAWNSNNLDSKVG,DFTGCVIAWNSNKLDSKVSG,HLA-C*05:01,6328.25,6239.86
DFTGCVIAWNSNNLDSKVG,DFTGCVIAWNSNKLDSKVSG,HLA-C*05:01,6328.25,6239.86
EFQFCNDPFLGVYYH,EFQFCNDPFLDH,HLA-C*05:01,2545.3,2545.3
EFQFCNDPFLGVYYH,EFQFCNDPFLDH,HLA-C*05:01,2545.3,2545.3
EFQFCNDPFLGVYYHK,EFQFCNDPFLDHK,HLA-C*05:01,2545.3,2545.3
EFQFCNDPFLGVYYHK,EFQFCNDPFLDHK,HLA-C*05:01,2545.3,2545.3
EFQFCNDPFLGVYYHKN,EFQFCNDPFLDHKN,HLA-C*05:01,2545.3,2545.3
EFQFCNDPFLGVYYHKN,EFQFCNDPFLDHKN,HLA-C*05:01,2545.3,2545.3
FCNDPFLGVYYH,FCNDPFLDH,HLA-C*05:01,3868.45,30737.37
FCNDPFLGVYYH,FCNDPFLDH,HLA-C*05:01,3868.45,30737.37
FQFCNDPFLGVYYH,FQFCNDPFLDH,HLA-C*05:01,2545.3,2545.3
FQFCNDPFLGVYYH,FQFCNDPFLDH,HLA-C*05:01,2545.3,2545.3
GCVIAWNSNNLDSKVG,GCVIAWNSNKLDSKVSG,HLA-C*05:01,6328.25,6239.86
HTPINLVRDLPQ,HTPIIVEPERDLPQ,HLA-C*05:01,31128.62,19636.27
HTPINLVRDLPQGF,HTPIIVEPERDLPQGF,HLA-C*05:01,25320.68,19636.27
KHTPINLVRDLPQG,KHTPIIVEPERDLPQG,HLA-C*05:01,31128.62,19636.27
LPDDFTGCVIAWNSNNLDSKVG,LPDDFTGCVIAWNSNKLDSKVSG,HLA-C*05:01,2970.41,2970.41
LPDDFTGCVIAWNSNNLDSKVG,LPDDFTGCVIAWNSNKLDSKVSG,HLA-C*05:01,2970.41,2970.41
TPINLVRDLPQG,TPIIVEPERDLPQG,HLA-C*05:01,31128.62,
VCEFQFCNDPFLGVYYH,VCEFQFCNDPFLDH,HLA-C*05:01,2545.3,2545.3
YFKIYSKHTPINLVR,YFKIYSKHTPIIVE,HLA-C*05:01,8777.98,9781.02
YFKIYSKHTPINLVRD,YFKIYSKHTPIIVEPERD,HLA-C*05:01,8777.98,9781.02
YFKIYSKHTPINLVRDLPQ,YFKIYSKHTPIIVEPERDLPQ,HLA-C*05:01,8777.98,9781.02
HTPINLVRDLPQGFSALEPL,HTPIIVEPERDLPQGFSALEPL,HLA-C*05:01,20516.53,19636.27
PFLGVYYH,PVLKGVKLH,HLA-C*05:01,,47107.8
PFLGVYYHK,PFLDHK,HLA-C*05:01,47198.09,
TPINLVRDLPQGFS,TPIIVEPERDLPQGFS,HLA-C*05:01,25320.68,19636.27
TPINLVRDLPQGFSA,TPIIVEPERDLPQGFSA,HLA-C*05:01,25320.68,19636.27
TPINLVRDLPQGFSALEPL,TPIIVEPERDLPQGFSALEPL,HLA-C*05:01,20516.53,19636.27
CEFQFCNDPFLGVYYHKNNK,CEFQFCNDPFLDHKNNK,HLA-C*05:01,2545.3,2545.3
EFQFCNDPFLGVYYH,EFQFCNDPFLDH,HLA-C*05:01,2545.3,2545.3
NVTWFHAIHVS,NVTWFHVIS,HLA-C*05:01,8860.04,37628.65
NVTWFHAIHVSGTN,NVTWFHVISGTN,HLA-C*05:01,8860.04,36719.3
NVTWFHAIHVSGTNGTKRFD,NVTWFHVISGTNGTKRFD,HLA-C*05:01,8860.04,24587.42
TWFHAIHVSGTNGTK,TWFHVISGTNGTK,HLA-C*05:01,38019.48,36425.28
VTWFHAIHVSGTN,VTWFHVISGTN,HLA-C*05:01,8860.04,36719.3
VTWFHAIHVSGTNGT,VTWFHVISGTNGT,HLA-C*05:01,8860.04,36425.28
LGVYYHKNNKSWMESEF,LDHKNNKSWMESEF,HLA-C*05:01,29423.67,30561.27
QFCNDPFLGVYYHKNNK,QFCNDPFLDHKNNK,HLA-C*05:01,3868.45,30737.37
WFHAIHVSGTNGTKRFD,WFHVISGTNGTKRFD,HLA-C*05:01,24587.42,24587.42
YSKHTPINLVRDLPQGF,YSKHTPIIVEPERDLPQGF,HLA-C*05:01,8777.98,9781.02
FLGVYYHKNNKSWMESE,FLDHKNNKSWMESE,HLA-C*05:01,29423.67,6699.21
FQFCNDPFLGVYYHKNNK,FQFCNDPFLDHKNNK,HLA-C*05:01,2545.3,2545.3
KVCEFQFCNDPFLGVYYHK,KVCEFQFCNDPFLDHK,HLA-C*05:01,2545.3,2545.3
LREFVFKNIDGYFKIYSKHTPINLVRD,LREFVFKNIDGYFKIYSKHTPIIVEPERD,HLA-C*05:01,8777.98,9781.02
VTWFHAIHV,VTWFHV,HLA-C*05:01,8860.04,
SKHTPINLVRDLPQG,SKHTPIIVEPERDLPQG,HLA-C*05:01,30427.66,19636.27
KVCEFQFCNDPFLGVYYHKNNKSWMESEFRVYSSANNCTFEYV,KVCEFQFCNDPFLDHKNNKSWMESEFRVYSSANNCTFEYV,HLA-C*05:01,483.31,483.31
NLDSKVGGNY,NKLDSKVSGNY,HLA-C*05:01,37398.12,32612.51
TPINLVRDL,TPIIVEPERDL,HLA-C*05:01,31128.62,19636.27
KHTPINLVRDLPQGF,KHTPIIVEPERDLPQGF,HLA-C*05:01,25320.68,19636.27
VNFNFNGLT,VNFNFNGLKGT,HLA-C*05:01,37195.93,38098.95
FKIYSKHTPINLVRD,FKIYSKHTPIIVEPERD,HLA-C*05:01,8777.98,9781.02
LGVYYHKNNKSWMES,LDHKNNKSWMES,HLA-C*05:01,29423.67,41071.25
LPFFSNVTWFHAIHV,LPFFSNVTWFHV,HLA-C*05:01,8860.04,3217.77
NVTWFHAIHVSGTNG,NVTWFHVISGTNG,HLA-C*05:01,8860.04,36719.3
FQFCNDPFLGVYYHK,FQFCNDPFLDHK,HLA-C*05:01,2545.3,2545.3
PFFSNVTWFHAIHVS,PFFSNVTWFHVIS,HLA-C*05:01,8860.04,3217.77
PINLVRDLPQGFSAL,PIIVEPERDLPQGFSAL,HLA-C*05:01,21132.5,19636.27
PINLVRDLPQGFWAL,PIIVEPERDLPQGFSAL,HLA-C*05:01,19091.97,19636.27
HVSGTNGTK,HVISGTNGTK,HLA-C*05:01,38019.48,36425.28
CEFQFCNDPFLGVYYH,CEFQFCNDPFLDH,HLA-C*05:01,2545.3,2545.3
CEFQFCNDPFLGVYYHK,CEFQFCNDPFLDHK,HLA-C*05:01,,2545.3
CEFQFCNDPFLGVYYHKN,CEFQFCNDPFLDHKN,HLA-C*05:01,2545.3,2545.3
DFTGCVIAWNSNNLDSKVG,DFTGCVIAWNSNKLDSKVSG,HLA-C*05:01,6328.25,6239.86
DFTGCVIAWNSNNLDSKVG,DFTGCVIAWNSNKLDSKVSG,HLA-C*05:01,6328.25,6239.86
EFQFCNDPFLGVYYH,EFQFCNDPFLDH,HLA-C*05:01,2545.3,2545.3
EFQFCNDPFLGVYYH,EFQFCNDPFLDH,HLA-C*05:01,2545.3,2545.3
EFQFCNDPFLGVYYHK,EFQFCNDPFLDHK,HLA-C*05:01,2545.3,2545.3
EFQFCNDPFLGVYYHK,EFQFCNDPFLDHK,HLA-C*05:01,2545.3,2545.3
EFQFCNDPFLGVYYHKN,EFQFCNDPFLDHKN,HLA-C*05:01,2545.3,2545.3
EFQFCNDPFLGVYYHKN,EFQFCNDPFLDHKN,HLA-C*05:01,2545.3,2545.3
FCNDPFLGVYYH,FCNDPFLDH,HLA-C*05:01,3868.45,30737.37
FCNDPFLGVYYH,FCNDPFLDH,HLA-C*05:01,3868.45,30737.37
FQFCNDPFLGVYYH,FQFCNDPFLDH,HLA-C*05:01,2545.3,2545.3
FQFCNDPFLGVYYH,FQFCNDPFLDH,HLA-C*05:01,2545.3,2545.3
GCVIAWNSNNLDSKVG,GCVIAWNSNKLDSKVSG,HLA-C*05:01,6328.25,6239.86
HTPINLVRDLPQ,HTPIIVEPERDLPQ,HLA-C*05:01,31128.62,19636.27
HTPINLVRDLPQGF,HTPIIVEPERDLPQGF,HLA-C*05:01,25320.68,19636.27
KHTPINLVRDLPQG,KHTPIIVEPERDLPQG,HLA-C*05:01,31128.62,19636.27
LPDDFTGCVIAWNSNNLDSKVG,LPDDFTGCVIAWNSNKLDSKVSG,HLA-C*05:01,2970.41,2970.41
LPDDFTGCVIAWNSNNLDSKVG,LPDDFTGCVIAWNSNKLDSKVSG,HLA-C*05:01,2970.41,2970.41
TPINLVRDLPQG,TPIIVEPERDLPQG,HLA-C*05:01,31128.62,
VCEFQFCNDPFLGVYYH,VCEFQFCNDPFLDH,HLA-C*05:01,2545.3,2545.3
YFKIYSKHTPINLVR,YFKIYSKHTPIIVE,HLA-C*05:01,8777.98,9781.02
YFKIYSKHTPINLVRD,YFKIYSKHTPIIVEPERD,HLA-C*05:01,8777.98,9781.02
YFKIYSKHTPINLVRDLPQ,YFKIYSKHTPIIVEPERDLPQ,HLA-C*05:01,8777.98,9781.02
HTPINLVRDLPQGFSALEPL,HTPIIVEPERDLPQGFSALEPL,HLA-C*05:01,20516.53,19636.27
PFLGVYYH,PVLKGVKLH,HLA-C*05:01,,47107.8
PFLGVYYHK,PFLDHK,HLA-C*05:01,47198.09,
TPINLVRDLPQGFS,TPIIVEPERDLPQGFS,HLA-C*05:01,25320.68,19636.27
TPINLVRDLPQGFSA,TPIIVEPERDLPQGFSA,HLA-C*05:01,25320.68,19636.27
TPINLVRDLPQGFSALEPL,TPIIVEPERDLPQGFSALEPL,HLA-C*05:01,20516.53,19636.27
CEFQFCNDPFLGVYYHKNNK,CEFQFCNDPFLDHKNNK,HLA-C*05:01,2545.3,2545.3
EFQFCNDPFLGVYYH,EFQFCNDPFLDH,HLA-C*05:01,2545.3,2545.3
NVTWFHAIHVS,NVTWFHVIS,HLA-C*05:01,8860.04,37628.65
NVTWFHAIHVSGTN,NVTWFHVISGTN,HLA-C*05:01,8860.04,36719.3
NVTWFHAIHVSGTNGTKRFD,NVTWFHVISGTNGTKRFD,HLA-C*05:01,8860.04,24587.42
TWFHAIHVSGTNGTK,TWFHVISGTNGTK,HLA-C*05:01,38019.48,36425.28
VTWFHAIHVSGTN,VTWFHVISGTN,HLA-C*05:01,8860.04,36719.3
VTWFHAIHVSGTNGT,VTWFHVISGTNGT,HLA-C*05:01,8860.04,36425.28
LGVYYHKNNKSWMESEF,LDHKNNKSWMESEF,HLA-C*05:01,29423.67,30561.27
QFCNDPFLGVYYHKNNK,QFCNDPFLDHKNNK,HLA-C*05:01,3868.45,30737.37
WFHAIHVSGTNGTKRFD,WFHVISGTNGTKRFD,HLA-C*05:01,24587.42,24587.42
YSKHTPINLVRDLPQGF,YSKHTPIIVEPERDLPQGF,HLA-C*05:01,8777.98,9781.02
FLGVYYHKNNKSWMESE,FLDHKNNKSWMESE,HLA-C*05:01,29423.67,6699.21
FQFCNDPFLGVYYHKNNK,FQFCNDPFLDHKNNK,HLA-C*05:01,2545.3,2545.3
KVCEFQFCNDPFLGVYYHK,KVCEFQFCNDPFLDHK,HLA-C*05:01,2545.3,2545.3
LREFVFKNIDGYFKIYSKHTPINLVRD,LREFVFKNIDGYFKIYSKHTPIIVEPERD,HLA-C*05:01,8777.98,9781.02
VTWFHAIHV,VTWFHV,HLA-C*05:01,8860.04,
SKHTPINLVRDLPQG,SKHTPIIVEPERDLPQG,HLA-C*05:01,30427.66,19636.27
KVCEFQFCNDPFLGVYYHKNNKSWMESEFRVYSSANNCTFEYV,KVCEFQFCNDPFLDHKNNKSWMESEFRVYSSANNCTFEYV,HLA-C*05:01,483.31,483.31
NLDSKVGGNY,NKLDSKVSGNY,HLA-C*05:01,37398.12,32612.51
TPINLVRDL,TPIIVEPERDL,HLA-C*05:01,31128.62,19636.27
KHTPINLVRDLPQGF,KHTPIIVEPERDLPQGF,HLA-C*05:01,25320.68,19636.27
VNFNFNGLT,VNFNFNGLKGT,HLA-C*05:01,37195.93,38098.95
FKIYSKHTPINLVRD,FKIYSKHTPIIVEPERD,HLA-C*05:01,8777.98,9781.02
LGVYYHKNNKSWMES,LDHKNNKSWMES,HLA-C*05:01,29423.67,41071.25
LPFFSNVTWFHAIHV,LPFFSNVTWFHV,HLA-C*05:01,8860.04,3217.77
NVTWFHAIHVSGTNG,NVTWFHVISGTNG,HLA-C*05:01,8860.04,36719.3
FQFCNDPFLGVYYHK,FQFCNDPFLDHK,HLA-C*05:01,2545.3,2545.3
PFFSNVTWFHAIHVS,PFFSNVTWFHVIS,HLA-C*05:01,8860.04,3217.77
PINLVRDLPQGFSAL,PIIVEPERDLPQGFSAL,HLA-C*05:01,21132.5,19636.27
PINLVRDLPQGFWAL,PIIVEPERDLPQGFSAL,HLA-C*05:01,19091.97,19636.27
HVSGTNGTK,HVISGTNGTK,HLA-C*05:01,38019.48,36425.28
CEFQFCNDPFLGVYYH,CEFQFCNDPFLDH,HLA-C*05:01,2545.3,2545.3
CEFQFCNDPFLGVYYHK,CEFQFCNDPFLDHK,HLA-C*05:01,,2545.3
CEFQFCNDPFLGVYYHKN,CEFQFCNDPFLDHKN,HLA-C*05:01,2545.3,2545.3
DFTGCVIAWNSNNLDSKVG,DFTGCVIAWNSNKLDSKVSG,HLA-C*05:01,6328.25,6239.86
DFTGCVIAWNSNNLDSKVG,DFTGCVIAWNSNKLDSKVSG,HLA-C*05:01,6328.25,6239.86
EFQFCNDPFLGVYYH,EFQFCNDPFLDH,HLA-C*05:01,2545.3,2545.3
EFQFCNDPFLGVYYH,EFQFCNDPFLDH,HLA-C*05:01,2545.3,2545.3
EFQFCNDPFLGVYYHK,EFQFCNDPFLDHK,HLA-C*05:01,2545.3,2545.3
EFQFCNDPFLGVYYHK,EFQFCNDPFLDHK,HLA-C*05:01,2545.3,2545.3
EFQFCNDPFLGVYYHKN,EFQFCNDPFLDHKN,HLA-C*05:01,2545.3,2545.3
EFQFCNDPFLGVYYHKN,EFQFCNDPFLDHKN,HLA-C*05:01,2545.3,2545.3
FCNDPFLGVYYH,FCNDPFLDH,HLA-C*05:01,3868.45,30737.37
FCNDPFLGVYYH,FCNDPFLDH,HLA-C*05:01,3868.45,30737.37
FQFCNDPFLGVYYH,FQFCNDPFLDH,HLA-C*05:01,2545.3,2545.3
FQFCNDPFLGVYYH,FQFCNDPFLDH,HLA-C*05:01,2545.3,2545.3
GCVIAWNSNNLDSKVG,GCVIAWNSNKLDSKVSG,HLA-C*05:01,6328.25,6239.86
HTPINLVRDLPQ,HTPIIVEPERDLPQ,HLA-C*05:01,31128.62,19636.27
HTPINLVRDLPQGF,HTPIIVEPERDLPQGF,HLA-C*05:01,25320.68,19636.27
KHTPINLVRDLPQG,KHTPIIVEPERDLPQG,HLA-C*05:01,31128.62,19636.27
LPDDFTGCVIAWNSNNLDSKVG,LPDDFTGCVIAWNSNKLDSKVSG,HLA-C*05:01,2970.41,2970.41
LPDDFTGCVIAWNSNNLDSKVG,LPDDFTGCVIAWNSNKLDSKVSG,HLA-C*05:01,2970.41,2970.41
TPINLVRDLPQG,TPIIVEPERDLPQG,HLA-C*05:01,31128.62,
VCEFQFCNDPFLGVYYH,VCEFQFCNDPFLDH,HLA-C*05:01,2545.3,2545.3
YFKIYSKHTPINLVR,YFKIYSKHTPIIVE,HLA-C*05:01,8777.98,9781.02
YFKIYSKHTPINLVRD,YFKIYSKHTPIIVEPERD,HLA-C*05:01,8777.98,9781.02
YFKIYSKHTPINLVRDLPQ,YFKIYSKHTPIIVEPERDLPQ,HLA-C*05:01,8777.98,9781.02
HTPINLVRDLPQGFSALEPL,HTPIIVEPERDLPQGFSALEPL,HLA-C*05:01,20516.53,19636.27
PFLGVYYH,PVLKGVKLH,HLA-C*05:01,,47107.8
PFLGVYYHK,PFLDHK,HLA-C*05:01,47198.09,
TPINLVRDLPQGFS,TPIIVEPERDLPQGFS,HLA-C*05:01,25320.68,19636.27
TPINLVRDLPQGFSA,TPIIVEPERDLPQGFSA,HLA-C*05:01,25320.68,19636.27
TPINLVRDLPQGFSALEPL,TPIIVEPERDLPQGFSALEPL,HLA-C*05:01,20516.53,19636.27
CEFQFCNDPFLGVYYHKNNK,CEFQFCNDPFLDHKNNK,HLA-C*05:01,2545.3,2545.3
EFQFCNDPFLGVYYH,EFQFCNDPFLDH,HLA-C*05:01,2545.3,2545.3
NVTWFHAIHVS,NVTWFHVIS,HLA-C*05:01,8860.04,37628.65
NVTWFHAIHVSGTN,NVTWFHVISGTN,HLA-C*05:01,8860.04,36719.3
NVTWFHAIHVSGTNGTKRFD,NVTWFHVISGTNGTKRFD,HLA-C*05:01,8860.04,24587.42
TWFHAIHVSGTNGTK,TWFHVISGTNGTK,HLA-C*05:01,38019.48,36425.28
VTWFHAIHVSGTN,VTWFHVISGTN,HLA-C*05:01,8860.04,36719.3
VTWFHAIHVSGTNGT,VTWFHVISGTNGT,HLA-C*05:01,8860.04,36425.28
LGVYYHKNNKSWMESEF,LDHKNNKSWMESEF,HLA-C*05:01,29423.67,30561.27
QFCNDPFLGVYYHKNNK,QFCNDPFLDHKNNK,HLA-C*05:01,3868.45,30737.37
WFHAIHVSGTNGTKRFD,WFHVISGTNGTKRFD,HLA-C*05:01,24587.42,24587.42
YSKHTPINLVRDLPQGF,YSKHTPIIVEPERDLPQGF,HLA-C*05:01,8777.98,9781.02
FLGVYYHKNNKSWMESE,FLDHKNNKSWMESE,HLA-C*05:01,29423.67,6699.21
FQFCNDPFLGVYYHKNNK,FQFCNDPFLDHKNNK,HLA-C*05:01,2545.3,2545.3
KVCEFQFCNDPFLGVYYHK,KVCEFQFCNDPFLDHK,HLA-C*05:01,2545.3,2545.3
LREFVFKNIDGYFKIYSKHTPINLVRD,LREFVFKNIDGYFKIYSKHTPIIVEPERD,HLA-C*05:01,8777.98,9781.02
VTWFHAIHV,VTWFHV,HLA-C*05:01,8860.04,
SKHTPINLVRDLPQG,SKHTPIIVEPERDLPQG,HLA-C*05:01,30427.66,19636.27
KVCEFQFCNDPFLGVYYHKNNKSWMESEFRVYSSANNCTFEYV,KVCEFQFCNDPFLDHKNNKSWMESEFRVYSSANNCTFEYV,HLA-C*05:01,483.31,483.31
NLDSKVGGNY,NKLDSKVSGNY,HLA-C*05:01,37398.12,32612.51
TPINLVRDL,TPIIVEPERDL,HLA-C*05:01,31128.62,19636.27
KHTPINLVRDLPQGF,KHTPIIVEPERDLPQGF,HLA-C*05:01,25320.68,19636.27
VNFNFNGLT,VNFNFNGLKGT,HLA-C*05:01,37195.93,38098.95
FKIYSKHTPINLVRD,FKIYSKHTPIIVEPERD,HLA-C*05:01,8777.98,9781.02
LGVYYHKNNKSWMES,LDHKNNKSWMES,HLA-C*05:01,29423.67,41071.25
LPFFSNVTWFHAIHV,LPFFSNVTWFHV,HLA-C*05:01,8860.04,3217.77
NVTWFHAIHVSGTNG,NVTWFHVISGTNG,HLA-C*05:01,8860.04,36719.3
FQFCNDPFLGVYYHK,FQFCNDPFLDHK,HLA-C*05:01,2545.3,2545.3
PFFSNVTWFHAIHVS,PFFSNVTWFHVIS,HLA-C*05:01,8860.04,3217.77
PINLVRDLPQGFSAL,PIIVEPERDLPQGFSAL,HLA-C*05:01,21132.5,19636.27
PINLVRDLPQGFWAL,PIIVEPERDLPQGFSAL,HLA-C*05:01,19091.97,19636.27
HVSGTNGTK,HVISGTNGTK,HLA-C*05:01,38019.48,36425.28
CEFQFCNDPFLGVYYH,CEFQFCNDPFLDH,HLA-C*05:01,2545.3,2545.3
CEFQFCNDPFLGVYYHK,CEFQFCNDPFLDHK,HLA-C*05:01,,2545.3
CEFQFCNDPFLGVYYHKN,CEFQFCNDPFLDHKN,HLA-C*05:01,2545.3,2545.3
DFTGCVIAWNSNNLDSKVG,DFTGCVIAWNSNKLDSKVSG,HLA-C*05:01,6328.25,6239.86
DFTGCVIAWNSNNLDSKVG,DFTGCVIAWNSNKLDSKVSG,HLA-C*05:01,6328.25,6239.86
EFQFCNDPFLGVYYH,EFQFCNDPFLDH,HLA-C*05:01,2545.3,2545.3
EFQFCNDPFLGVYYH,EFQFCNDPFLDH,HLA-C*05:01,2545.3,2545.3
EFQFCNDPFLGVYYHK,EFQFCNDPFLDHK,HLA-C*05:01,2545.3,2545.3
EFQFCNDPFLGVYYHK,EFQFCNDPFLDHK,HLA-C*05:01,2545.3,2545.3
EFQFCNDPFLGVYYHKN,EFQFCNDPFLDHKN,HLA-C*05:01,2545.3,2545.3
EFQFCNDPFLGVYYHKN,EFQFCNDPFLDHKN,HLA-C*05:01,2545.3,2545.3
FCNDPFLGVYYH,FCNDPFLDH,HLA-C*05:01,3868.45,30737.37
FCNDPFLGVYYH,FCNDPFLDH,HLA-C*05:01,3868.45,30737.37
FQFCNDPFLGVYYH,FQFCNDPFLDH,HLA-C*05:01,2545.3,2545.3
FQFCNDPFLGVYYH,FQFCNDPFLDH,HLA-C*05:01,2545.3,2545.3
GCVIAWNSNNLDSKVG,GCVIAWNSNKLDSKVSG,HLA-C*05:01,6328.25,6239.86
HTPINLVRDLPQ,HTPIIVEPERDLPQ,HLA-C*05:01,31128.62,19636.27
HTPINLVRDLPQGF,HTPIIVEPERDLPQGF,HLA-C*05:01,25320.68,19636.27
KHTPINLVRDLPQG,KHTPIIVEPERDLPQG,HLA-C*05:01,31128.62,19636.27
LPDDFTGCVIAWNSNNLDSKVG,LPDDFTGCVIAWNSNKLDSKVSG,HLA-C*05:01,2970.41,2970.41
LPDDFTGCVIAWNSNNLDSKVG,LPDDFTGCVIAWNSNKLDSKVSG,HLA-C*05:01,2970.41,2970.41
TPINLVRDLPQG,TPIIVEPERDLPQG,HLA-C*05:01,31128.62,
VCEFQFCNDPFLGVYYH,VCEFQFCNDPFLDH,HLA-C*05:01,2545.3,2545.3
YFKIYSKHTPINLVR,YFKIYSKHTPIIVE,HLA-C*05:01,8777.98,9781.02
YFKIYSKHTPINLVRD,YFKIYSKHTPIIVEPERD,HLA-C*05:01,8777.98,9781.02
YFKIYSKHTPINLVRDLPQ,YFKIYSKHTPIIVEPERDLPQ,HLA-C*05:01,8777.98,9781.02
HTPINLVRDLPQGFSALEPL,HTPIIVEPERDLPQGFSALEPL,HLA-C*05:01,20516.53,19636.27
PFLGVYYH,PVLKGVKLH,HLA-C*05:01,,47107.8
PFLGVYYHK,PFLDHK,HLA-C*05:01,47198.09,
TPINLVRDLPQGFS,TPIIVEPERDLPQGFS,HLA-C*05:01,25320.68,19636.27
TPINLVRDLPQGFSA,TPIIVEPERDLPQGFSA,HLA-C*05:01,25320.68,19636.27
TPINLVRDLPQGFSALEPL,TPIIVEPERDLPQGFSALEPL,HLA-C*05:01,20516.53,19636.27
CEFQFCNDPFLGVYYHKNNK,CEFQFCNDPFLDHKNNK,HLA-C*05:01,2545.3,2545.3
EFQFCNDPFLGVYYH,EFQFCNDPFLDH,HLA-C*05:01,2545.3,2545.3
NVTWFHAIHVS,NVTWFHVIS,HLA-C*05:01,8860.04,37628.65
NVTWFHAIHVSGTN,NVTWFHVISGTN,HLA-C*05:01,8860.04,36719.3
NVTWFHAIHVSGTNGTKRFD,NVTWFHVISGTNGTKRFD,HLA-C*05:01,8860.04,24587.42
TWFHAIHVSGTNGTK,TWFHVISGTNGTK,HLA-C*05:01,38019.48,36425.28
VTWFHAIHVSGTN,VTWFHVISGTN,HLA-C*05:01,8860.04,36719.3
VTWFHAIHVSGTNGT,VTWFHVISGTNGT,HLA-C*05:01,8860.04,36425.28
LGVYYHKNNKSWMESEF,LDHKNNKSWMESEF,HLA-C*05:01,29423.67,30561.27
QFCNDPFLGVYYHKNNK,QFCNDPFLDHKNNK,HLA-C*05:01,3868.45,30737.37
WFHAIHVSGTNGTKRFD,WFHVISGTNGTKRFD,HLA-C*05:01,24587.42,24587.42
YSKHTPINLVRDLPQGF,YSKHTPIIVEPERDLPQGF,HLA-C*05:01,8777.98,9781.02
FLGVYYHKNNKSWMESE,FLDHKNNKSWMESE,HLA-C*05:01,29423.67,6699.21
FQFCNDPFLGVYYHKNNK,FQFCNDPFLDHKNNK,HLA-C*05:01,2545.3,2545.3
KVCEFQFCNDPFLGVYYHK,KVCEFQFCNDPFLDHK,HLA-C*05:01,2545.3,2545.3
LREFVFKNIDGYFKIYSKHTPINLVRD,LREFVFKNIDGYFKIYSKHTPIIVEPERD,HLA-C*05:01,8777.98,9781.02
VTWFHAIHV,VTWFHV,HLA-C*05:01,8860.04,
SKHTPINLVRDLPQG,SKHTPIIVEPERDLPQG,HLA-C*05:01,30427.66,19636.27
KVCEFQFCNDPFLGVYYHKNNKSWMESEFRVYSSANNCTFEYV,KVCEFQFCNDPFLDHKNNKSWMESEFRVYSSANNCTFEYV,HLA-C*05:01,483.31,483.31
NLDSKVGGNY,NKLDSKVSGNY,HLA-C*05:01,37398.12,32612.51
TPINLVRDL,TPIIVEPERDL,HLA-C*05:01,31128.62,19636.27
KHTPINLVRDLPQGF,KHTPIIVEPERDLPQGF,HLA-C*05:01,25320.68,19636.27
VNFNFNGLT,VNFNFNGLKGT,HLA-C*05:01,37195.93,38098.95
FKIYSKHTPINLVRD,FKIYSKHTPIIVEPERD,HLA-C*05:01,8777.98,9781.02
LGVYYHKNNKSWMES,LDHKNNKSWMES,HLA-C*05:01,29423.67,41071.25
LPFFSNVTWFHAIHV,LPFFSNVTWFHV,HLA-C*05:01,8860.04,3217.77
NVTWFHAIHVSGTNG,NVTWFHVISGTNG,HLA-C*05:01,8860.04,36719.3
FQFCNDPFLGVYYHK,FQFCNDPFLDHK,HLA-C*05:01,2545.3,2545.3
PFFSNVTWFHAIHVS,PFFSNVTWFHVIS,HLA-C*05:01,8860.04,3217.77
PINLVRDLPQGFSAL,PIIVEPERDLPQGFSAL,HLA-C*05:01,21132.5,19636.27
PINLVRDLPQGFWAL,PIIVEPERDLPQGFSAL,HLA-C*05:01,19091.97,19636.27
HVSGTNGTK,HVISGTNGTK,HLA-C*05:01,38019.48,36425.28
CEFQFCNDPFLGVYYH,CEFQFCNDPFLDH,HLA-C*05:01,2545.3,2545.3
CEFQFCNDPFLGVYYHK,CEFQFCNDPFLDHK,HLA-C*05:01,,2545.3
CEFQFCNDPFLGVYYHKN,CEFQFCNDPFLDHKN,HLA-C*05:01,2545.3,2545.3
DFTGCVIAWNSNNLDSKVG,DFTGCVIAWNSNKLDSKVSG,HLA-C*05:01,6328.25,6239.86
DFTGCVIAWNSNNLDSKVG,DFTGCVIAWNSNKLDSKVSG,HLA-C*05:01,6328.25,6239.86
EFQFCNDPFLGVYYH,EFQFCNDPFLDH,HLA-C*05:01,2545.3,2545.3
EFQFCNDPFLGVYYH,EFQFCNDPFLDH,HLA-C*05:01,2545.3,2545.3
EFQFCNDPFLGVYYHK,EFQFCNDPFLDHK,HLA-C*05:01,2545.3,2545.3
EFQFCNDPFLGVYYHK,EFQFCNDPFLDHK,HLA-C*05:01,2545.3,2545.3
EFQFCNDPFLGVYYHKN,EFQFCNDPFLDHKN,HLA-C*05:01,2545.3,2545.3
EFQFCNDPFLGVYYHKN,EFQFCNDPFLDHKN,HLA-C*05:01,2545.3,2545.3
FCNDPFLGVYYH,FCNDPFLDH,HLA-C*05:01,3868.45,30737.37
FCNDPFLGVYYH,FCNDPFLDH,HLA-C*05:01,3868.45,30737.37
FQFCNDPFLGVYYH,FQFCNDPFLDH,HLA-C*05:01,2545.3,2545.3
FQFCNDPFLGVYYH,FQFCNDPFLDH,HLA-C*05:01,2545.3,2545.3
GCVIAWNSNNLDSKVG,GCVIAWNSNKLDSKVSG,HLA-C*05:01,6328.25,6239.86
HTPINLVRDLPQ,HTPIIVEPERDLPQ,HLA-C*05:01,31128.62,19636.27
HTPINLVRDLPQGF,HTPIIVEPERDLPQGF,HLA-C*05:01,25320.68,19636.27
KHTPINLVRDLPQG,KHTPIIVEPERDLPQG,HLA-C*05:01,31128.62,19636.27
LPDDFTGCVIAWNSNNLDSKVG,LPDDFTGCVIAWNSNKLDSKVSG,HLA-C*05:01,2970.41,2970.41
LPDDFTGCVIAWNSNNLDSKVG,LPDDFTGCVIAWNSNKLDSKVSG,HLA-C*05:01,2970.41,2970.41
TPINLVRDLPQG,TPIIVEPERDLPQG,HLA-C*05:01,31128.62,
VCEFQFCNDPFLGVYYH,VCEFQFCNDPFLDH,HLA-C*05:01,2545.3,2545.3
YFKIYSKHTPINLVR,YFKIYSKHTPIIVE,HLA-C*05:01,8777.98,9781.02
YFKIYSKHTPINLVRD,YFKIYSKHTPIIVEPERD,HLA-C*05:01,8777.98,9781.02
YFKIYSKHTPINLVRDLPQ,YFKIYSKHTPIIVEPERDLPQ,HLA-C*05:01,8777.98,9781.02
HTPINLVRDLPQGFSALEPL,HTPIIVEPERDLPQGFSALEPL,HLA-C*05:01,20516.53,19636.27
PFLGVYYH,PVLKGVKLH,HLA-C*05:01,,47107.8
PFLGVYYHK,PFLDHK,HLA-C*05:01,47198.09,
TPINLVRDLPQGFS,TPIIVEPERDLPQGFS,HLA-C*05:01,25320.68,19636.27
TPINLVRDLPQGFSA,TPIIVEPERDLPQGFSA,HLA-C*05:01,25320.68,19636.27
TPINLVRDLPQGFSALEPL,TPIIVEPERDLPQGFSALEPL,HLA-C*05:01,20516.53,19636.27
CEFQFCNDPFLGVYYHKNNK,CEFQFCNDPFLDHKNNK,HLA-C*05:01,2545.3,2545.3
EFQFCNDPFLGVYYH,EFQFCNDPFLDH,HLA-C*05:01,2545.3,2545.3
NVTWFHAIHVS,NVTWFHVIS,HLA-C*05:01,8860.04,37628.65
NVTWFHAIHVSGTN,NVTWFHVISGTN,HLA-C*05:01,8860.04,36719.3
NVTWFHAIHVSGTNGTKRFD,NVTWFHVISGTNGTKRFD,HLA-C*05:01,8860.04,24587.42
TWFHAIHVSGTNGTK,TWFHVISGTNGTK,HLA-C*05:01,38019.48,36425.28
VTWFHAIHVSGTN,VTWFHVISGTN,HLA-C*05:01,8860.04,36719.3
VTWFHAIHVSGTNGT,VTWFHVISGTNGT,HLA-C*05:01,8860.04,36425.28
LGVYYHKNNKSWMESEF,LDHKNNKSWMESEF,HLA-C*05:01,29423.67,30561.27
QFCNDPFLGVYYHKNNK,QFCNDPFLDHKNNK,HLA-C*05:01,3868.45,30737.37
WFHAIHVSGTNGTKRFD,WFHVISGTNGTKRFD,HLA-C*05:01,24587.42,24587.42
YSKHTPINLVRDLPQGF,YSKHTPIIVEPERDLPQGF,HLA-C*05:01,8777.98,9781.02
FLGVYYHKNNKSWMESE,FLDHKNNKSWMESE,HLA-C*05:01,29423.67,6699.21
FQFCNDPFLGVYYHKNNK,FQFCNDPFLDHKNNK,HLA-C*05:01,2545.3,2545.3
KVCEFQFCNDPFLGVYYHK,KVCEFQFCNDPFLDHK,HLA-C*05:01,2545.3,2545.3
LREFVFKNIDGYFKIYSKHTPINLVRD,LREFVFKNIDGYFKIYSKHTPIIVEPERD,HLA-C*05:01,8777.98,9781.02
VTWFHAIHV,VTWFHV,HLA-C*05:01,8860.04,
SKHTPINLVRDLPQG,SKHTPIIVEPERDLPQG,HLA-C*05:01,30427.66,19636.27
KVCEFQFCNDPFLGVYYHKNNKSWMESEFRVYSSANNCTFEYV,KVCEFQFCNDPFLDHKNNKSWMESEFRVYSSANNCTFEYV,HLA-C*05:01,483.31,483.31
NLDSKVGGNY,NKLDSKVSGNY,HLA-C*05:01,37398.12,32612.51
TPINLVRDL,TPIIVEPERDL,HLA-C*05:01,31128.62,19636.27
KHTPINLVRDLPQGF,KHTPIIVEPERDLPQGF,HLA-C*05:01,25320.68,19636.27
VNFNFNGLT,VNFNFNGLKGT,HLA-C*05:01,37195.93,38098.95
FKIYSKHTPINLVRD,FKIYSKHTPIIVEPERD,HLA-C*05:01,8777.98,9781.02
LGVYYHKNNKSWMES,LDHKNNKSWMES,HLA-C*05:01,29423.67,41071.25
LPFFSNVTWFHAIHV,LPFFSNVTWFHV,HLA-C*05:01,8860.04,3217.77
NVTWFHAIHVSGTNG,NVTWFHVISGTNG,HLA-C*05:01,8860.04,36719.3
FQFCNDPFLGVYYHK,FQFCNDPFLDHK,HLA-C*05:01,2545.3,2545.3
PFFSNVTWFHAIHVS,PFFSNVTWFHVIS,HLA-C*05:01,8860.04,3217.77
PINLVRDLPQGFSAL,PIIVEPERDLPQGFSAL,HLA-C*05:01,21132.5,19636.27
PINLVRDLPQGFWAL,PIIVEPERDLPQGFSAL,HLA-C*05:01,19091.97,19636.27
HVSGTNGTK,HVISGTNGTK,HLA-C*05:01,38019.48,36425.28
CEFQFCNDPFLGVYYH,CEFQFCNDPFLDH,HLA-C*05:01,2545.3,2545.3
CEFQFCNDPFLGVYYHK,CEFQFCNDPFLDHK,HLA-C*05:01,,2545.3
CEFQFCNDPFLGVYYHKN,CEFQFCNDPFLDHKN,HLA-C*05:01,2545.3,2545.3
DFTGCVIAWNSNNLDSKVG,DFTGCVIAWNSNKLDSKVSG,HLA-C*05:01,6328.25,6239.86
DFTGCVIAWNSNNLDSKVG,DFTGCVIAWNSNKLDSKVSG,HLA-C*05:01,6328.25,6239.86
EFQFCNDPFLGVYYH,EFQFCNDPFLDH,HLA-C*05:01,2545.3,2545.3
EFQFCNDPFLGVYYH,EFQFCNDPFLDH,HLA-C*05:01,2545.3,2545.3
EFQFCNDPFLGVYYHK,EFQFCNDPFLDHK,HLA-C*05:01,2545.3,2545.3
EFQFCNDPFLGVYYHK,EFQFCNDPFLDHK,HLA-C*05:01,2545.3,2545.3
EFQFCNDPFLGVYYHKN,EFQFCNDPFLDHKN,HLA-C*05:01,2545.3,2545.3
EFQFCNDPFLGVYYHKN,EFQFCNDPFLDHKN,HLA-C*05:01,2545.3,2545.3
FCNDPFLGVYYH,FCNDPFLDH,HLA-C*05:01,3868.45,30737.37
FCNDPFLGVYYH,FCNDPFLDH,HLA-C*05:01,3868.45,30737.37
FQFCNDPFLGVYYH,FQFCNDPFLDH,HLA-C*05:01,2545.3,2545.3
FQFCNDPFLGVYYH,FQFCNDPFLDH,HLA-C*05:01,2545.3,2545.3
GCVIAWNSNNLDSKVG,GCVIAWNSNKLDSKVSG,HLA-C*05:01,6328.25,6239.86
HTPINLVRDLPQ,HTPIIVEPERDLPQ,HLA-C*05:01,31128.62,19636.27
HTPINLVRDLPQGF,HTPIIVEPERDLPQGF,HLA-C*05:01,25320.68,19636.27
KHTPINLVRDLPQG,KHTPIIVEPERDLPQG,HLA-C*05:01,31128.62,19636.27
LPDDFTGCVIAWNSNNLDSKVG,LPDDFTGCVIAWNSNKLDSKVSG,HLA-C*05:01,2970.41,2970.41
LPDDFTGCVIAWNSNNLDSKVG,LPDDFTGCVIAWNSNKLDSKVSG,HLA-C*05:01,2970.41,2970.41
TPINLVRDLPQG,TPIIVEPERDLPQG,HLA-C*05:01,31128.62,
VCEFQFCNDPFLGVYYH,VCEFQFCNDPFLDH,HLA-C*05:01,2545.3,2545.3
YFKIYSKHTPINLVR,YFKIYSKHTPIIVE,HLA-C*05:01,8777.98,9781.02
YFKIYSKHTPINLVRD,YFKIYSKHTPIIVEPERD,HLA-C*05:01,8777.98,9781.02
YFKIYSKHTPINLVRDLPQ,YFKIYSKHTPIIVEPERDLPQ,HLA-C*05:01,8777.98,9781.02
HTPINLVRDLPQGFSALEPL,HTPIIVEPERDLPQGFSALEPL,HLA-C*05:01,20516.53,19636.27
PFLGVYYH,PVLKGVKLH,HLA-C*05:01,,47107.8
PFLGVYYHK,PFLDHK,HLA-C*05:01,47198.09,
TPINLVRDLPQGFS,TPIIVEPERDLPQGFS,HLA-C*05:01,25320.68,19636.27
TPINLVRDLPQGFSA,TPIIVEPERDLPQGFSA,HLA-C*05:01,25320.68,19636.27
TPINLVRDLPQGFSALEPL,TPIIVEPERDLPQGFSALEPL,HLA-C*05:01,20516.53,19636.27
CEFQFCNDPFLGVYYHKNNK,CEFQFCNDPFLDHKNNK,HLA-C*05:01,2545.3,2545.3
EFQFCNDPFLGVYYH,EFQFCNDPFLDH,HLA-C*05:01,2545.3,2545.3
NVTWFHAIHVS,NVTWFHVIS,HLA-C*05:01,8860.04,37628.65
NVTWFHAIHVSGTN,NVTWFHVISGTN,HLA-C*05:01,8860.04,36719.3
NVTWFHAIHVSGTNGTKRFD,NVTWFHVISGTNGTKRFD,HLA-C*05:01,8860.04,24587.42
TWFHAIHVSGTNGTK,TWFHVISGTNGTK,HLA-C*05:01,38019.48,36425.28
VTWFHAIHVSGTN,VTWFHVISGTN,HLA-C*05:01,8860.04,36719.3
VTWFHAIHVSGTNGT,VTWFHVISGTNGT,HLA-C*05:01,8860.04,36425.28
LGVYYHKNNKSWMESEF,LDHKNNKSWMESEF,HLA-C*05:01,29423.67,30561.27
QFCNDPFLGVYYHKNNK,QFCNDPFLDHKNNK,HLA-C*05:01,3868.45,30737.37
WFHAIHVSGTNGTKRFD,WFHVISGTNGTKRFD,HLA-C*05:01,24587.42,24587.42
YSKHTPINLVRDLPQGF,YSKHTPIIVEPERDLPQGF,HLA-C*05:01,8777.98,9781.02
FLGVYYHKNNKSWMESE,FLDHKNNKSWMESE,HLA-C*05:01,29423.67,6699.21
FQFCNDPFLGVYYHKNNK,FQFCNDPFLDHKNNK,HLA-C*05:01,2545.3,2545.3
KVCEFQFCNDPFLGVYYHK,KVCEFQFCNDPFLDHK,HLA-C*05:01,2545.3,2545.3
LREFVFKNIDGYFKIYSKHTPINLVRD,LREFVFKNIDGYFKIYSKHTPIIVEPERD,HLA-C*05:01,8777.98,9781.02
VTWFHAIHV,VTWFHV,HLA-C*05:01,8860.04,
SKHTPINLVRDLPQG,SKHTPIIVEPERDLPQG,HLA-C*05:01,30427.66,19636.27
KVCEFQFCNDPFLGVYYHKNNKSWMESEFRVYSSANNCTFEYV,KVCEFQFCNDPFLDHKNNKSWMESEFRVYSSANNCTFEYV,HLA-C*05:01,483.31,483.31
NLDSKVGGNY,NKLDSKVSGNY,HLA-C*05:01,37398.12,32612.51
TPINLVRDL,TPIIVEPERDL,HLA-C*05:01,31128.62,19636.27
KHTPINLVRDLPQGF,KHTPIIVEPERDLPQGF,HLA-C*05:01,25320.68,19636.27
VNFNFNGLT,VNFNFNGLKGT,HLA-C*05:01,37195.93,38098.95
FKIYSKHTPINLVRD,FKIYSKHTPIIVEPERD,HLA-C*05:01,8777.98,9781.02
LGVYYHKNNKSWMES,LDHKNNKSWMES,HLA-C*05:01,29423.67,41071.25
LPFFSNVTWFHAIHV,LPFFSNVTWFHV,HLA-C*05:01,8860.04,3217.77
NVTWFHAIHVSGTNG,NVTWFHVISGTNG,HLA-C*05:01,8860.04,36719.3
FQFCNDPFLGVYYHK,FQFCNDPFLDHK,HLA-C*05:01,2545.3,2545.3
PFFSNVTWFHAIHVS,PFFSNVTWFHVIS,HLA-C*05:01,8860.04,3217.77
PINLVRDLPQGFSAL,PIIVEPERDLPQGFSAL,HLA-C*05:01,21132.5,19636.27
PINLVRDLPQGFWAL,PIIVEPERDLPQGFSAL,HLA-C*05:01,19091.97,19636.27
HVSGTNGTK,HVISGTNGTK,HLA-C*05:01,38019.48,36425.28
CEFQFCNDPFLGVYYH,CEFQFCNDPFLDH,HLA-C*05:01,2545.3,2545.3
CEFQFCNDPFLGVYYHK,CEFQFCNDPFLDHK,HLA-C*05:01,,2545.3
CEFQFCNDPFLGVYYHKN,CEFQFCNDPFLDHKN,HLA-C*05:01,2545.3,2545.3
DFTGCVIAWNSNNLDSKVG,DFTGCVIAWNSNKLDSKVSG,HLA-C*05:01,6328.25,6239.86
DFTGCVIAWNSNNLDSKVG,DFTGCVIAWNSNKLDSKVSG,HLA-C*05:01,6328.25,6239.86
EFQFCNDPFLGVYYH,EFQFCNDPFLDH,HLA-C*05:01,2545.3,2545.3
EFQFCNDPFLGVYYH,EFQFCNDPFLDH,HLA-C*05:01,2545.3,2545.3
EFQFCNDPFLGVYYHK,EFQFCNDPFLDHK,HLA-C*05:01,2545.3,2545.3
EFQFCNDPFLGVYYHK,EFQFCNDPFLDHK,HLA-C*05:01,2545.3,2545.3
EFQFCNDPFLGVYYHKN,EFQFCNDPFLDHKN,HLA-C*05:01,2545.3,2545.3
EFQFCNDPFLGVYYHKN,EFQFCNDPFLDHKN,HLA-C*05:01,2545.3,2545.3
FCNDPFLGVYYH,FCNDPFLDH,HLA-C*05:01,3868.45,30737.37
FCNDPFLGVYYH,FCNDPFLDH,HLA-C*05:01,3868.45,30737.37
FQFCNDPFLGVYYH,FQFCNDPFLDH,HLA-C*05:01,2545.3,2545.3
FQFCNDPFLGVYYH,FQFCNDPFLDH,HLA-C*05:01,2545.3,2545.3
GCVIAWNSNNLDSKVG,GCVIAWNSNKLDSKVSG,HLA-C*05:01,6328.25,6239.86
HTPINLVRDLPQ,HTPIIVEPERDLPQ,HLA-C*05:01,31128.62,19636.27
HTPINLVRDLPQGF,HTPIIVEPERDLPQGF,HLA-C*05:01,25320.68,19636.27
KHTPINLVRDLPQG,KHTPIIVEPERDLPQG,HLA-C*05:01,31128.62,19636.27
LPDDFTGCVIAWNSNNLDSKVG,LPDDFTGCVIAWNSNKLDSKVSG,HLA-C*05:01,2970.41,2970.41
LPDDFTGCVIAWNSNNLDSKVG,LPDDFTGCVIAWNSNKLDSKVSG,HLA-C*05:01,2970.41,2970.41
TPINLVRDLPQG,TPIIVEPERDLPQG,HLA-C*05:01,31128.62,
VCEFQFCNDPFLGVYYH,VCEFQFCNDPFLDH,HLA-C*05:01,2545.3,2545.3
YFKIYSKHTPINLVR,YFKIYSKHTPIIVE,HLA-C*05:01,8777.98,9781.02
YFKIYSKHTPINLVRD,YFKIYSKHTPIIVEPERD,HLA-C*05:01,8777.98,9781.02
YFKIYSKHTPINLVRDLPQ,YFKIYSKHTPIIVEPERDLPQ,HLA-C*05:01,8777.98,9781.02
HTPINLVRDLPQGFSALEPL,HTPIIVEPERDLPQGFSALEPL,HLA-C*05:01,20516.53,19636.27
PFLGVYYH,PVLKGVKLH,HLA-C*05:01,,47107.8
PFLGVYYHK,PFLDHK,HLA-C*05:01,47198.09,
TPINLVRDLPQGFS,TPIIVEPERDLPQGFS,HLA-C*05:01,25320.68,19636.27
TPINLVRDLPQGFSA,TPIIVEPERDLPQGFSA,HLA-C*05:01,25320.68,19636.27
TPINLVRDLPQGFSALEPL,TPIIVEPERDLPQGFSALEPL,HLA-C*05:01,20516.53,19636.27
CEFQFCNDPFLGVYYHKNNK,CEFQFCNDPFLDHKNNK,HLA-C*05:01,2545.3,2545.3
EFQFCNDPFLGVYYH,EFQFCNDPFLDH,HLA-C*05:01,2545.3,2545.3
NVTWFHAIHVS,NVTWFHVIS,HLA-C*05:01,8860.04,37628.65
NVTWFHAIHVSGTN,NVTWFHVISGTN,HLA-C*05:01,8860.04,36719.3
NVTWFHAIHVSGTNGTKRFD,NVTWFHVISGTNGTKRFD,HLA-C*05:01,8860.04,24587.42
TWFHAIHVSGTNGTK,TWFHVISGTNGTK,HLA-C*05:01,38019.48,36425.28
VTWFHAIHVSGTN,VTWFHVISGTN,HLA-C*05:01,8860.04,36719.3
VTWFHAIHVSGTNGT,VTWFHVISGTNGT,HLA-C*05:01,8860.04,36425.28
LGVYYHKNNKSWMESEF,LDHKNNKSWMESEF,HLA-C*05:01,29423.67,30561.27
QFCNDPFLGVYYHKNNK,QFCNDPFLDHKNNK,HLA-C*05:01,3868.45,30737.37
WFHAIHVSGTNGTKRFD,WFHVISGTNGTKRFD,HLA-C*05:01,24587.42,24587.42
YSKHTPINLVRDLPQGF,YSKHTPIIVEPERDLPQGF,HLA-C*05:01,8777.98,9781.02
FLGVYYHKNNKSWMESE,FLDHKNNKSWMESE,HLA-C*05:01,29423.67,6699.21
FQFCNDPFLGVYYHKNNK,FQFCNDPFLDHKNNK,HLA-C*05:01,2545.3,2545.3
KVCEFQFCNDPFLGVYYHK,KVCEFQFCNDPFLDHK,HLA-C*05:01,2545.3,2545.3
LREFVFKNIDGYFKIYSKHTPINLVRD,LREFVFKNIDGYFKIYSKHTPIIVEPERD,HLA-C*05:01,8777.98,9781.02
VTWFHAIHV,VTWFHV,HLA-C*05:01,8860.04,
SKHTPINLVRDLPQG,SKHTPIIVEPERDLPQG,HLA-C*05:01,30427.66,19636.27
KVCEFQFCNDPFLGVYYHKNNKSWMESEFRVYSSANNCTFEYV,KVCEFQFCNDPFLDHKNNKSWMESEFRVYSSANNCTFEYV,HLA-C*05:01,483.31,483.31
NLDSKVGGNY,NKLDSKVSGNY,HLA-C*05:01,37398.12,32612.51
TPINLVRDL,TPIIVEPERDL,HLA-C*05:01,31128.62,19636.27
KHTPINLVRDLPQGF,KHTPIIVEPERDLPQGF,HLA-C*05:01,25320.68,19636.27
VNFNFNGLT,VNFNFNGLKGT,HLA-C*05:01,37195.93,38098.95
FKIYSKHTPINLVRD,FKIYSKHTPIIVEPERD,HLA-C*05:01,8777.98,9781.02
LGVYYHKNNKSWMES,LDHKNNKSWMES,HLA-C*05:01,29423.67,41071.25
LPFFSNVTWFHAIHV,LPFFSNVTWFHV,HLA-C*05:01,8860.04,3217.77
NVTWFHAIHVSGTNG,NVTWFHVISGTNG,HLA-C*05:01,8860.04,36719.3
FQFCNDPFLGVYYHK,FQFCNDPFLDHK,HLA-C*05:01,2545.3,2545.3
PFFSNVTWFHAIHVS,PFFSNVTWFHVIS,HLA-C*05:01,8860.04,3217.77
PINLVRDLPQGFSAL,PIIVEPERDLPQGFSAL,HLA-C*05:01,21132.5,19636.27
PINLVRDLPQGFWAL,PIIVEPERDLPQGFSAL,HLA-C*05:01,19091.97,19636.27
HVSGTNGTK,HVISGTNGTK,HLA-C*05:01,38019.48,36425.28
CEFQFCNDPFLGVYYH,CEFQFCNDPFLDH,HLA-C*05:01,2545.3,2545.3
CEFQFCNDPFLGVYYHK,CEFQFCNDPFLDHK,HLA-C*05:01,,2545.3
CEFQFCNDPFLGVYYHKN,CEFQFCNDPFLDHKN,HLA-C*05:01,2545.3,2545.3
DFTGCVIAWNSNNLDSKVG,DFTGCVIAWNSNKLDSKVSG,HLA-C*05:01,6328.25,6239.86
DFTGCVIAWNSNNLDSKVG,DFTGCVIAWNSNKLDSKVSG,HLA-C*05:01,6328.25,6239.86
EFQFCNDPFLGVYYH,EFQFCNDPFLDH,HLA-C*05:01,2545.3,2545.3
EFQFCNDPFLGVYYH,EFQFCNDPFLDH,HLA-C*05:01,2545.3,2545.3
EFQFCNDPFLGVYYHK,EFQFCNDPFLDHK,HLA-C*05:01,2545.3,2545.3
EFQFCNDPFLGVYYHK,EFQFCNDPFLDHK,HLA-C*05:01,2545.3,2545.3
EFQFCNDPFLGVYYHKN,EFQFCNDPFLDHKN,HLA-C*05:01,2545.3,2545.3
EFQFCNDPFLGVYYHKN,EFQFCNDPFLDHKN,HLA-C*05:01,2545.3,2545.3
FCNDPFLGVYYH,FCNDPFLDH,HLA-C*05:01,3868.45,30737.37
FCNDPFLGVYYH,FCNDPFLDH,HLA-C*05:01,3868.45,30737.37
FQFCNDPFLGVYYH,FQFCNDPFLDH,HLA-C*05:01,2545.3,2545.3
FQFCNDPFLGVYYH,FQFCNDPFLDH,HLA-C*05:01,2545.3,2545.3
GCVIAWNSNNLDSKVG,GCVIAWNSNKLDSKVSG,HLA-C*05:01,6328.25,6239.86
HTPINLVRDLPQ,HTPIIVEPERDLPQ,HLA-C*05:01,31128.62,19636.27
HTPINLVRDLPQGF,HTPIIVEPERDLPQGF,HLA-C*05:01,25320.68,19636.27
KHTPINLVRDLPQG,KHTPIIVEPERDLPQG,HLA-C*05:01,31128.62,19636.27
LPDDFTGCVIAWNSNNLDSKVG,LPDDFTGCVIAWNSNKLDSKVSG,HLA-C*05:01,2970.41,2970.41
LPDDFTGCVIAWNSNNLDSKVG,LPDDFTGCVIAWNSNKLDSKVSG,HLA-C*05:01,2970.41,2970.41
TPINLVRDLPQG,TPIIVEPERDLPQG,HLA-C*05:01,31128.62,
VCEFQFCNDPFLGVYYH,VCEFQFCNDPFLDH,HLA-C*05:01,2545.3,2545.3
YFKIYSKHTPINLVR,YFKIYSKHTPIIVE,HLA-C*05:01,8777.98,9781.02
YFKIYSKHTPINLVRD,YFKIYSKHTPIIVEPERD,HLA-C*05:01,8777.98,9781.02
YFKIYSKHTPINLVRDLPQ,YFKIYSKHTPIIVEPERDLPQ,HLA-C*05:01,8777.98,9781.02
HTPINLVRDLPQGFSALEPL,HTPIIVEPERDLPQGFSALEPL,HLA-C*05:01,20516.53,19636.27
PFLGVYYH,PVLKGVKLH,HLA-C*05:01,,47107.8
PFLGVYYHK,PFLDHK,HLA-C*05:01,47198.09,
TPINLVRDLPQGFS,TPIIVEPERDLPQGFS,HLA-C*05:01,25320.68,19636.27
TPINLVRDLPQGFSA,TPIIVEPERDLPQGFSA,HLA-C*05:01,25320.68,19636.27
TPINLVRDLPQGFSALEPL,TPIIVEPERDLPQGFSALEPL,HLA-C*05:01,20516.53,19636.27
CEFQFCNDPFLGVYYHKNNK,CEFQFCNDPFLDHKNNK,HLA-C*05:01,2545.3,2545.3
EFQFCNDPFLGVYYH,EFQFCNDPFLDH,HLA-C*05:01,2545.3,2545.3
NVTWFHAIHVS,NVTWFHVIS,HLA-C*05:01,8860.04,37628.65
NVTWFHAIHVSGTN,NVTWFHVISGTN,HLA-C*05:01,8860.04,36719.3
NVTWFHAIHVSGTNGTKRFD,NVTWFHVISGTNGTKRFD,HLA-C*05:01,8860.04,24587.42
TWFHAIHVSGTNGTK,TWFHVISGTNGTK,HLA-C*05:01,38019.48,36425.28
VTWFHAIHVSGTN,VTWFHVISGTN,HLA-C*05:01,8860.04,36719.3
VTWFHAIHVSGTNGT,VTWFHVISGTNGT,HLA-C*05:01,8860.04,36425.28
LGVYYHKNNKSWMESEF,LDHKNNKSWMESEF,HLA-C*05:01,29423.67,30561.27
QFCNDPFLGVYYHKNNK,QFCNDPFLDHKNNK,HLA-C*05:01,3868.45,30737.37
WFHAIHVSGTNGTKRFD,WFHVISGTNGTKRFD,HLA-C*05:01,24587.42,24587.42
YSKHTPINLVRDLPQGF,YSKHTPIIVEPERDLPQGF,HLA-C*05:01,8777.98,9781.02
FLGVYYHKNNKSWMESE,FLDHKNNKSWMESE,HLA-C*05:01,29423.67,6699.21
FQFCNDPFLGVYYHKNNK,FQFCNDPFLDHKNNK,HLA-C*05:01,2545.3,2545.3
KVCEFQFCNDPFLGVYYHK,KVCEFQFCNDPFLDHK,HLA-C*05:01,2545.3,2545.3
LREFVFKNIDGYFKIYSKHTPINLVRD,LREFVFKNIDGYFKIYSKHTPIIVEPERD,HLA-C*05:01,8777.98,9781.02
VTWFHAIHV,VTWFHV,HLA-C*05:01,8860.04,
SKHTPINLVRDLPQG,SKHTPIIVEPERDLPQG,HLA-C*05:01,30427.66,19636.27
KVCEFQFCNDPFLGVYYHKNNKSWMESEFRVYSSANNCTFEYV,KVCEFQFCNDPFLDHKNNKSWMESEFRVYSSANNCTFEYV,HLA-C*05:01,483.31,483.31
NLDSKVGGNY,NKLDSKVSGNY,HLA-C*05:01,37398.12,32612.51
TPINLVRDL,TPIIVEPERDL,HLA-C*05:01,31128.62,19636.27
KHTPINLVRDLPQGF,KHTPIIVEPERDLPQGF,HLA-C*05:01,25320.68,19636.27
VNFNFNGLT,VNFNFNGLKGT,HLA-C*05:01,37195.93,38098.95
FKIYSKHTPINLVRD,FKIYSKHTPIIVEPERD,HLA-C*05:01,8777.98,9781.02
LGVYYHKNNKSWMES,LDHKNNKSWMES,HLA-C*05:01,29423.67,41071.25
LPFFSNVTWFHAIHV,LPFFSNVTWFHV,HLA-C*05:01,8860.04,3217.77
NVTWFHAIHVSGTNG,NVTWFHVISGTNG,HLA-C*05:01,8860.04,36719.3
FQFCNDPFLGVYYHK,FQFCNDPFLDHK,HLA-C*05:01,2545.3,2545.3
PFFSNVTWFHAIHVS,PFFSNVTWFHVIS,HLA-C*05:01,8860.04,3217.77
PINLVRDLPQGFSAL,PIIVEPERDLPQGFSAL,HLA-C*05:01,21132.5,19636.27
PINLVRDLPQGFWAL,PIIVEPERDLPQGFSAL,HLA-C*05:01,19091.97,19636.27
HVSGTNGTK,HVISGTNGTK,HLA-C*05:01,38019.48,36425.28
CEFQFCNDPFLGVYYH,CEFQFCNDPFLDH,HLA-C*05:01,2545.3,2545.3
CEFQFCNDPFLGVYYHK,CEFQFCNDPFLDHK,HLA-C*05:01,,2545.3
CEFQFCNDPFLGVYYHKN,CEFQFCNDPFLDHKN,HLA-C*05:01,2545.3,2545.3
DFTGCVIAWNSNNLDSKVG,DFTGCVIAWNSNKLDSKVSG,HLA-C*05:01,6328.25,6239.86
DFTGCVIAWNSNNLDSKVG,DFTGCVIAWNSNKLDSKVSG,HLA-C*05:01,6328.25,6239.86
EFQFCNDPFLGVYYH,EFQFCNDPFLDH,HLA-C*05:01,2545.3,2545.3
EFQFCNDPFLGVYYH,EFQFCNDPFLDH,HLA-C*05:01,2545.3,2545.3
EFQFCNDPFLGVYYHK,EFQFCNDPFLDHK,HLA-C*05:01,2545.3,2545.3
EFQFCNDPFLGVYYHK,EFQFCNDPFLDHK,HLA-C*05:01,2545.3,2545.3
EFQFCNDPFLGVYYHKN,EFQFCNDPFLDHKN,HLA-C*05:01,2545.3,2545.3
EFQFCNDPFLGVYYHKN,EFQFCNDPFLDHKN,HLA-C*05:01,2545.3,2545.3
FCNDPFLGVYYH,FCNDPFLDH,HLA-C*05:01,3868.45,30737.37
FCNDPFLGVYYH,FCNDPFLDH,HLA-C*05:01,3868.45,30737.37
FQFCNDPFLGVYYH,FQFCNDPFLDH,HLA-C*05:01,2545.3,2545.3
FQFCNDPFLGVYYH,FQFCNDPFLDH,HLA-C*05:01,2545.3,2545.3
GCVIAWNSNNLDSKVG,GCVIAWNSNKLDSKVSG,HLA-C*05:01,6328.25,6239.86
HTPINLVRDLPQ,HTPIIVEPERDLPQ,HLA-C*05:01,31128.62,19636.27
HTPINLVRDLPQGF,HTPIIVEPERDLPQGF,HLA-C*05:01,25320.68,19636.27
KHTPINLVRDLPQG,KHTPIIVEPERDLPQG,HLA-C*05:01,31128.62,19636.27
LPDDFTGCVIAWNSNNLDSKVG,LPDDFTGCVIAWNSNKLDSKVSG,HLA-C*05:01,2970.41,2970.41
LPDDFTGCVIAWNSNNLDSKVG,LPDDFTGCVIAWNSNKLDSKVSG,HLA-C*05:01,2970.41,2970.41
TPINLVRDLPQG,TPIIVEPERDLPQG,HLA-C*05:01,31128.62,
VCEFQFCNDPFLGVYYH,VCEFQFCNDPFLDH,HLA-C*05:01,2545.3,2545.3
YFKIYSKHTPINLVR,YFKIYSKHTPIIVE,HLA-C*05:01,8777.98,9781.02
YFKIYSKHTPINLVRD,YFKIYSKHTPIIVEPERD,HLA-C*05:01,8777.98,9781.02
YFKIYSKHTPINLVRDLPQ,YFKIYSKHTPIIVEPERDLPQ,HLA-C*05:01,8777.98,9781.02
HTPINLVRDLPQGFSALEPL,HTPIIVEPERDLPQGFSALEPL,HLA-C*05:01,20516.53,19636.27
PFLGVYYH,PVLKGVKLH,HLA-C*05:01,,47107.8
PFLGVYYHK,PFLDHK,HLA-C*05:01,47198.09,
TPINLVRDLPQGFS,TPIIVEPERDLPQGFS,HLA-C*05:01,25320.68,19636.27
TPINLVRDLPQGFSA,TPIIVEPERDLPQGFSA,HLA-C*05:01,25320.68,19636.27
TPINLVRDLPQGFSALEPL,TPIIVEPERDLPQGFSALEPL,HLA-C*05:01,20516.53,19636.27
CEFQFCNDPFLGVYYHKNNK,CEFQFCNDPFLDHKNNK,HLA-C*05:01,2545.3,2545.3
EFQFCNDPFLGVYYH,EFQFCNDPFLDH,HLA-C*05:01,2545.3,2545.3
NVTWFHAIHVS,NVTWFHVIS,HLA-C*05:01,8860.04,37628.65
NVTWFHAIHVSGTN,NVTWFHVISGTN,HLA-C*05:01,8860.04,36719.3
NVTWFHAIHVSGTNGTKRFD,NVTWFHVISGTNGTKRFD,HLA-C*05:01,8860.04,24587.42
TWFHAIHVSGTNGTK,TWFHVISGTNGTK,HLA-C*05:01,38019.48,36425.28
VTWFHAIHVSGTN,VTWFHVISGTN,HLA-C*05:01,8860.04,36719.3
VTWFHAIHVSGTNGT,VTWFHVISGTNGT,HLA-C*05:01,8860.04,36425.28
LGVYYHKNNKSWMESEF,LDHKNNKSWMESEF,HLA-C*05:01,29423.67,30561.27
QFCNDPFLGVYYHKNNK,QFCNDPFLDHKNNK,HLA-C*05:01,3868.45,30737.37
WFHAIHVSGTNGTKRFD,WFHVISGTNGTKRFD,HLA-C*05:01,24587.42,24587.42
YSKHTPINLVRDLPQGF,YSKHTPIIVEPERDLPQGF,HLA-C*05:01,8777.98,9781.02
FLGVYYHKNNKSWMESE,FLDHKNNKSWMESE,HLA-C*05:01,29423.67,6699.21
FQFCNDPFLGVYYHKNNK,FQFCNDPFLDHKNNK,HLA-C*05:01,2545.3,2545.3
KVCEFQFCNDPFLGVYYHK,KVCEFQFCNDPFLDHK,HLA-C*05:01,2545.3,2545.3
LREFVFKNIDGYFKIYSKHTPINLVRD,LREFVFKNIDGYFKIYSKHTPIIVEPERD,HLA-C*05:01,8777.98,9781.02
VTWFHAIHV,VTWFHV,HLA-C*05:01,8860.04,
