epitope,homologous_epitope,hla_allele,mhc_binding,homologous_mhc_binding,quotient_mhc_binding,gene
LQNVVNQNAQALNTL,LQDVVNHNAQALNTL,HLA-A*29:02,85.0,70.0,1.2142857,HLA-A
VGGNYNYRYRLFRKS,VSGNYNYLYRLFRKS,HLA-A*29:02,100.0,95.0,1.0526316,HLA-A
AGCLIGAEHVNNSYECDIPIGAGICASYQTQTNSRRRARSVAS,AGCLIGAEYVNNSYECDIPIGAGICASYQTQTKSHRRARSVAS,HLA-A*29:02,100.0,100.0,1.0,HLA-A
FCNDPFLDVYY,FCNDPFL,HLA-A*29:02,1.1,,,HLA-A
KVCEFQFCNDPFLDVYYHKNNKSWMESGVYSSANNCTFEYV,KVCEFQFCNDPFLDHKNNKSWMESEFRVYSSANNCTFEYV,HLA-A*29:02,95.0,95.0,1.0,HLA-A
LPDDFTGCVIAWNSNNLDSKVGGNYNYRYRLFRKSNLKPFERD,LPDDFTGCVIAWNSNKLDSKVSGNYNYLYRLFRKSNLKPFERD,HLA-A*29:02,100.0,100.0,1.0,HLA-A
SYQTQTNSRRRARSVA,SYQTQTKSHRRARSVA,HLA-A*29:02,75.0,80.0,0.9375,HLA-A
VLYQGVNCTEVPVAIHADQLTPTWRVYSTGSNVFQTRAGCLIG,VLYQGVNCTEVPVAIHADQLTPTWRVYSTGSNVFQTRAGCLIG,HLA-A*29:02,100.0,100.0,1.0,HLA-A
ERDISTEIYQAGSKPCNG,ERDISTEIYQAGNKPCNG,HLA-A*29:02,100.0,100.0,1.0,HLA-A
SYQTQTNSRRRARSVASQ,SYQTQTKSHRRARSVASQ,HLA-A*29:02,82.5,82.5,1.0,HLA-A
GGNYNYRYRLFRKSN,SGNYNYLYRLFRKSN,HLA-A*29:02,100.0,100.0,1.0,HLA-A
CEFQFCNDPFLDVYY,CEFQFCNDPFL,HLA-A*29:02,16.296,52.778,0.308765,HLA-A
EIYQAGSKPCNGVEG,EIYQAGNKPCNGVAG,HLA-A*29:02,95.0,95.0,1.0,HLA-A
GKLQNVVNQNAQALN,GKLQDVVNHNAQALN,HLA-A*29:02,100.0,100.0,1.0,HLA-A
LDSKVGGNYNYRYRL,LDSKVSGNYNYLYRL,HLA-A*29:02,80.0,82.5,0.969697,HLA-A
LDVYYHKNNKSWMES,LDHKNNKSWMES,HLA-A*29:02,100.0,95.0,1.0526316,HLA-A
RDISTEIYQAGSKPC,RDISTEIYQAGNKPC,HLA-A*29:02,95.0,95.0,1.0,HLA-A
SRRRARSVA,SHRRARSVA,HLA-A*29:02,65.0,50.0,1.3,HLA-A
FQFCNDPFLDVYYHK,FQFCNDPFLDHK,HLA-A*29:02,24.957,20.214,1.2346394,HLA-A
DVYYHKNNK,HKNNK,HLA-A*29:02,10.821,,,HLA-A
STEIYQAGSKPCNGV,STEIYQAGNKPCNGV,HLA-A*29:02,90.0,90.0,1.0,HLA-A
SKPCNGVEGFNCYFP,NKPCNGVAGFNCYFP,HLA-A*29:02,95.0,95.0,1.0,HLA-A
YQAGSKPCNGVEGFN,YQAGNKPCNGVAGFN,HLA-A*29:02,90.0,90.0,1.0,HLA-A
KVGGNYNYRY,KVSGNYNYLY,HLA-A*29:02,1.215,0.346,3.511561,HLA-A
QTNSRRRAR,QTKSHRRAR,HLA-A*29:02,13.892,15.94,0.87151825,HLA-A
SRRRARSV,SHRRARSV,HLA-A*29:02,70.0,58.571,1.1951307,HLA-A
VGGNYNYRY,VSGNYNYLY,HLA-A*29:02,1.138,0.237,4.8016877,HLA-A
YQGVNCTEV,YQGVNCTEV,HLA-A*29:02,32.444,32.444,1.0,HLA-A
CEFQFCNDPFLDVY,CEFQFCNDPFL,HLA-A*29:02,15.1,52.778,0.28610405,HLA-A
CEFQFCNDPFLDVYY,CEFQFCNDPFL,HLA-A*29:02,16.296,52.778,0.308765,HLA-A
CEFQFCNDPFLDVYYH,CEFQFCNDPFLDH,HLA-A*29:02,51.111,42.25,1.2097278,HLA-A
CEFQFCNDPFLDVYYHK,CEFQFCNDPFLDHK,HLA-A*29:02,48.0,63.0,0.7619048,HLA-A
CEFQFCNDPFLDVYYHKN,CEFQFCNDPFLDHKN,HLA-A*29:02,90.0,95.0,0.94736844,HLA-A
DISTEIYQAGSKPC,DISTEIYQAGNKPC,HLA-A*29:02,100.0,100.0,1.0,HLA-A
DISTEIYQAGSKPCNG,DISTEIYQAGNKPCNG,HLA-A*29:02,100.0,100.0,1.0,HLA-A
DISTEIYQAGSKPCNG,DISTEIYQAGNKPCNG,HLA-A*29:02,100.0,100.0,1.0,HLA-A
DISTEIYQAGSKPCNGVE,DISTEIYQAGNKPCNGVA,HLA-A*29:02,100.0,95.0,1.0526316,HLA-A
DISTEIYQAGSKPCNGVEG,DISTEIYQAGNKPCNGVAG,HLA-A*29:02,100.0,100.0,1.0,HLA-A
NVVNQNAQALNTLVKQLSSNFG,DVVNHNAQALNTLVKQLSSKFG,HLA-A*29:02,100.0,100.0,1.0,HLA-A
EFQFCNDPFLDVY,EFQFCNDPFL,HLA-A*29:02,4.259,17.03,0.25008807,HLA-A
EFQFCNDPFLDVYY,EFQFCNDPFL,HLA-A*29:02,5.273,17.03,0.30963004,HLA-A
EFQFCNDPFLDVYY,EFQFCNDPFL,HLA-A*29:02,5.273,17.03,0.30963004,HLA-A
EFQFCNDPFLDVYYH,EFQFCNDPFLDH,HLA-A*29:02,27.688,18.018,1.5366856,HLA-A
EFQFCNDPFLDVYYH,EFQFCNDPFLDH,HLA-A*29:02,27.688,18.018,1.5366856,HLA-A
EFQFCNDPFLDVYYHK,EFQFCNDPFLDHK,HLA-A*29:02,44.25,32.0,1.3828125,HLA-A
EFQFCNDPFLDVYYHK,EFQFCNDPFLDHK,HLA-A*29:02,44.25,32.0,1.3828125,HLA-A
EFQFCNDPFLDVYYHKN,EFQFCNDPFLDHKN,HLA-A*29:02,85.0,90.0,0.9444444,HLA-A
EFQFCNDPFLDVYYHKN,EFQFCNDPFLDHKN,HLA-A*29:02,85.0,90.0,0.9444444,HLA-A
EIYQAGSKPCNGVE,EIYQAGNKPCNGVA,HLA-A*29:02,90.0,80.0,1.125,HLA-A
FCNDPFLDVY,FCNDPFL,HLA-A*29:02,1.003,,,HLA-A
FCNDPFLDVYY,FCNDPFL,HLA-A*29:02,1.1,,,HLA-A
FCNDPFLDVYYH,FCNDPFLDH,HLA-A*29:02,13.399,4.415,3.034881,HLA-A
FCNDPFLDVYYH,FCNDPFLDH,HLA-A*29:02,13.399,4.415,3.034881,HLA-A
FQFCNDPFLDVYY,FQFCNDPFL,HLA-A*29:02,3.594,8.796,0.40859485,HLA-A
FQFCNDPFLDVYY,FQFCNDPFL,HLA-A*29:02,3.594,8.796,0.40859485,HLA-A
FQFCNDPFLDVYYH,FQFCNDPFLDH,HLA-A*29:02,23.679,5.926,3.9957814,HLA-A
FQFCNDPFLDVYYH,FQFCNDPFLDH,HLA-A*29:02,23.679,5.926,3.9957814,HLA-A
GGNYNYRYRLFRK,SGNYNYLYRLFRK,HLA-A*29:02,73.333,51.667,1.4193392,HLA-A
GGNYNYRYRLFRKSNLKPF,SGNYNYLYRLFRKSNLKPF,HLA-A*29:02,73.333,55.714,1.3162401,HLA-A
ISTEIYQAGSKPC,ISTEIYQAGNKPC,HLA-A*29:02,90.0,95.0,0.94736844,HLA-A
ISTEIYQAGSKPCN,ISTEIYQAGNKPCN,HLA-A*29:02,100.0,100.0,1.0,HLA-A
ISTEIYQAGSKPCNG,ISTEIYQAGNKPCNG,HLA-A*29:02,100.0,100.0,1.0,HLA-A
ISTEIYQAGSKPCNG,ISTEIYQAGNKPCNG,HLA-A*29:02,100.0,100.0,1.0,HLA-A
ISTEIYQAGSKPCNGVE,ISTEIYQAGNKPCNGVA,HLA-A*29:02,100.0,95.0,1.0526316,HLA-A
KVGGNYNYRYRLFRKS,KVSGNYNYLYRLFRKS,HLA-A*29:02,90.0,82.5,1.0909091,HLA-A
NATNVVIKVCEFQFCNDPFLDVYY,NATNVVIKVCEFQFCNDPFL,HLA-A*29:02,64.0,95.0,0.67368424,HLA-A
RDISTEIYQAGSKPCNG,RDISTEIYQAGNKPCNG,HLA-A*29:02,100.0,100.0,1.0,HLA-A
RDISTEIYQAGSKPCNG,RDISTEIYQAGNKPCNG,HLA-A*29:02,100.0,100.0,1.0,HLA-A
RDISTEIYQAGSKPCNGVE,RDISTEIYQAGNKPCNGVA,HLA-A*29:02,95.0,95.0,1.0,HLA-A
RDISTEIYQAGSKPCNGVEG,RDISTEIYQAGNKPCNGVAG,HLA-A*29:02,100.0,100.0,1.0,HLA-A
SKVGGNYNYRYRLFRKS,SKVSGNYNYLYRLFRKS,HLA-A*29:02,95.0,95.0,1.0,HLA-A
STEIYQAGSKPCN,STEIYQAGNKPCN,HLA-A*29:02,95.0,100.0,0.95,HLA-A
STEIYQAGSKPCNG,STEIYQAGNKPCNG,HLA-A*29:02,100.0,100.0,1.0,HLA-A
TEIYQAGSKPCNG,TEIYQAGNKPCNG,HLA-A*29:02,100.0,100.0,1.0,HLA-A
VCEFQFCNDPFLDVYYH,VCEFQFCNDPFLDH,HLA-A*29:02,62.0,80.0,0.775,HLA-A
VGGNYNYRYRL,VSGNYNYLYRL,HLA-A*29:02,47.5,30.417,1.5616267,HLA-A
VGGNYNYRYRLFRK,VSGNYNYLYRLFRK,HLA-A*29:02,85.0,70.0,1.2142857,HLA-A
VGGNYNYRYRLFRKSN,VSGNYNYLYRLFRKSN,HLA-A*29:02,100.0,100.0,1.0,HLA-A
VGGNYNYRYRLFRKSNL,VSGNYNYLYRLFRKSNL,HLA-A*29:02,95.0,90.0,1.0555556,HLA-A
VGGNYNYRYRLFRKSNLKP,VSGNYNYLYRLFRKSNLKP,HLA-A*29:02,90.0,90.0,1.0,HLA-A
NVVNQNAQALNTLVKQLSSN,DVVNHNAQALNTLVKQLSSK,HLA-A*29:02,100.0,95.0,1.0526316,HLA-A
GKLQNVVNQNAQALNTLVK,GKLQDVVNHNAQALNTLVK,HLA-A*29:02,64.0,62.0,1.032258,HLA-A
KLQNVVNQNAQALNTLV,KLQDVVNHNAQALNTLV,HLA-A*29:02,82.5,70.0,1.1785715,HLA-A
KSNLKPFERDISTEIYQAGSKP,KSNLKPFERDISTEIYQAGNKP,HLA-A*29:02,95.0,95.0,1.0,HLA-A
PFLDVYYH,PVLKGVKLH,HLA-A*29:02,12.898,9.71,1.3283213,HLA-A
PFLDVYYHK,PFLDHK,HLA-A*29:02,5.003,,,HLA-A
CNDPFLDVY,CNDPFL,HLA-A*29:02,1.516,,,HLA-A
LKPFERDISTEIYQAGSKPCNGVEGFNCYFPLQ,LKPFERDISTEIYQAGNKPCNGVAGFNCYFPLR,HLA-A*29:02,100.0,100.0,1.0,HLA-A
IYQAGSKPCNGVEGFNCYFP,IYQAGNKPCNGVAGFNCYFP,HLA-A*29:02,80.0,85.0,0.9411765,HLA-A
CEFQFCNDPFLDVYYHKNNK,CEFQFCNDPFLDHKNNK,HLA-A*29:02,95.0,63.0,1.5079365,HLA-A
DISTEIYQAGSKPC,DISTEIYQAGNKPC,HLA-A*29:02,100.0,100.0,1.0,HLA-A
DISTEIYQAGSKPCNG,DISTEIYQAGNKPCNG,HLA-A*29:02,100.0,100.0,1.0,HLA-A
EFQFCNDPFLDVYYH,EFQFCNDPFLDH,HLA-A*29:02,27.688,18.018,1.5366856,HLA-A
EIYQAGSK,EIYQAGNK,HLA-A*29:02,36.0,36.571,0.98438656,HLA-A
EIYQAGSKPCNGVEGFNCYF,EIYQAGNKPCNGVAGFNCYF,HLA-A*29:02,57.857,56.429,1.0253061,HLA-A
ISTEIYQAGSKPCNG,ISTEIYQAGNKPCNG,HLA-A*29:02,100.0,100.0,1.0,HLA-A
KSNLKPFERDISTEIYQAGSKPC,KSNLKPFERDISTEIYQAGNKPC,HLA-A*29:02,100.0,100.0,1.0,HLA-A
KVGGNYNYRYRLFRK,KVSGNYNYLYRLFRK,HLA-A*29:02,62.0,55.0,1.1272727,HLA-A
RDISTEIYQAGSKPCNGVEG,RDISTEIYQAGNKPCNGVAG,HLA-A*29:02,100.0,100.0,1.0,HLA-A
DSKVGGNYNYRYRLFRK,DSKVSGNYNYLYRLFRK,HLA-A*29:02,82.5,80.0,1.03125,HLA-A
IGAGICASYQTQTNSRR,IGAGICASYQTQTKSHR,HLA-A*29:02,70.0,71.667,0.97673965,HLA-A
LDVYYHKNNKSWMESGV,LDHKNNKSWMESEF,HLA-A*29:02,100.0,75.0,1.3333334,HLA-A
PFERDISTEIYQAGSKP,PFERDISTEIYQAGNKP,HLA-A*29:02,95.0,95.0,1.0,HLA-A
QFCNDPFLDVYYHKNNK,QFCNDPFLDHKNNK,HLA-A*29:02,44.0,43.333,1.0153924,HLA-A
SRRRARSVASQSIIAYT,SHRRARSVASQSIIAYT,HLA-A*29:02,54.444,40.0,1.3611,HLA-A
TEIYQAGSKPCNGVEGF,TEIYQAGNKPCNGVAGF,HLA-A*29:02,45.667,42.75,1.068234,HLA-A
VIKVCEFQFCNDPFLDV,VIKVCEFQFCNDPFLDH,HLA-A*29:02,75.0,43.0,1.744186,HLA-A
VLYQGVNCTEVPVAIHA,VLYQGVNCTEVPVAIHA,HLA-A*29:02,61.0,61.0,1.0,HLA-A
FLDVYYHKNNKSWMESG,FLDHKNNKSWMESE,HLA-A*29:02,95.0,85.0,1.117647,HLA-A
GGNYNYRYRLFRKSNLKPFERDI,SGNYNYLYRLFRKSNLKPFERDI,HLA-A*29:02,100.0,100.0,1.0,HLA-A
FQFCNDPFLDVYYHKNNK,FQFCNDPFLDHKNNK,HLA-A*29:02,48.0,33.75,1.4222223,HLA-A
KVCEFQFCNDPFLDVYYHK,KVCEFQFCNDPFLDHK,HLA-A*29:02,36.714,49.5,0.741697,HLA-A
LDSKVGGNYNYRYRLFRKS,LDSKVSGNYNYLYRLFRKS,HLA-A*29:02,100.0,100.0,1.0,HLA-A
QGVNCTEVPVAIHADQLTP,QGVNCTEVPVAIHADQLTP,HLA-A*29:02,100.0,100.0,1.0,HLA-A
GGNYNYRYRLFRKSNLKPFE,SGNYNYLYRLFRKSNLKPFE,HLA-A*29:02,95.0,95.0,1.0,HLA-A
GSKPCNGVEGFNCYFPLQSY,GNKPCNGVAGFNCYFPLRSY,HLA-A*29:02,38.2,44.25,0.86327684,HLA-A
WNSNNLDSKVGGNYNYRYRL,WNSNKLDSKVSGNYNYLYRL,HLA-A*29:02,95.0,95.0,1.0,HLA-A
IGAGICASYQTQTNSRRR,IGAGICASYQTQTKSHRR,HLA-A*29:02,80.0,70.0,1.1428572,HLA-A
NTSNQVAVLYQGVNCTEV,NTSNQVAVLYQGVNCTEV,HLA-A*29:02,85.0,85.0,1.0,HLA-A
SRRRARSVASQSIIAYTM,SHRRARSVASQSIIAYTM,HLA-A*29:02,60.0,46.667,1.2857051,HLA-A
EIYQAGSKPCNGV,EIYQAGNKPCNGV,HLA-A*29:02,64.0,64.0,1.0,HLA-A
LQNVVNQNAQALNTL,LQDVVNHNAQALNTL,HLA-A*23:01,43.0,34.6,1.2427746,HLA-A
VGGNYNYRYRLFRKS,VSGNYNYLYRLFRKS,HLA-A*23:01,70.0,70.0,1.0,HLA-A
AGCLIGAEHVNNSYECDIPIGAGICASYQTQTNSRRRARSVAS,AGCLIGAEYVNNSYECDIPIGAGICASYQTQTKSHRRARSVAS,HLA-A*23:01,100.0,100.0,1.0,HLA-A
FCNDPFLDVYY,FCNDPFL,HLA-A*23:01,25.667,,,HLA-A
KVCEFQFCNDPFLDVYYHKNNKSWMESGVYSSANNCTFEYV,KVCEFQFCNDPFLDHKNNKSWMESEFRVYSSANNCTFEYV,HLA-A*23:01,90.0,100.0,0.9,HLA-A
LPDDFTGCVIAWNSNNLDSKVGGNYNYRYRLFRKSNLKPFERD,LPDDFTGCVIAWNSNKLDSKVSGNYNYLYRLFRKSNLKPFERD,HLA-A*23:01,100.0,100.0,1.0,HLA-A
SYQTQTNSRRRARSVA,SYQTQTKSHRRARSVA,HLA-A*23:01,38.333,44.0,0.87120456,HLA-A
VLYQGVNCTEVPVAIHADQLTPTWRVYSTGSNVFQTRAGCLIG,VLYQGVNCTEVPVAIHADQLTPTWRVYSTGSNVFQTRAGCLIG,HLA-A*23:01,100.0,100.0,1.0,HLA-A
ERDISTEIYQAGSKPCNG,ERDISTEIYQAGNKPCNG,HLA-A*23:01,100.0,100.0,1.0,HLA-A
SYQTQTNSRRRARSVASQ,SYQTQTKSHRRARSVASQ,HLA-A*23:01,52.0,54.0,0.962963,HLA-A
GGNYNYRYRLFRKSN,SGNYNYLYRLFRKSN,HLA-A*23:01,100.0,75.0,1.3333334,HLA-A
CEFQFCNDPFLDVYY,CEFQFCNDPFL,HLA-A*23:01,75.0,22.143,3.387075,HLA-A
EIYQAGSKPCNGVEG,EIYQAGNKPCNGVAG,HLA-A*23:01,100.0,100.0,1.0,HLA-A
GKLQNVVNQNAQALN,GKLQDVVNHNAQALN,HLA-A*23:01,100.0,100.0,1.0,HLA-A
LDSKVGGNYNYRYRL,LDSKVSGNYNYLYRL,HLA-A*23:01,70.0,65.0,1.0769231,HLA-A
LDVYYHKNNKSWMES,LDHKNNKSWMES,HLA-A*23:01,90.0,100.0,0.9,HLA-A
RDISTEIYQAGSKPC,RDISTEIYQAGNKPC,HLA-A*23:01,65.0,70.0,0.9285714,HLA-A
SRRRARSVA,SHRRARSVA,HLA-A*23:01,45.0,26.909,1.672303,HLA-A
FQFCNDPFLDVYYHK,FQFCNDPFLDHK,HLA-A*23:01,30.714,29.875,1.0280837,HLA-A
DVYYHKNNK,HKNNK,HLA-A*23:01,30.143,,,HLA-A
STEIYQAGSKPCNGV,STEIYQAGNKPCNGV,HLA-A*23:01,90.0,90.0,1.0,HLA-A
SKPCNGVEGFNCYFP,NKPCNGVAGFNCYFP,HLA-A*23:01,90.0,90.0,1.0,HLA-A
YQAGSKPCNGVEGFN,YQAGNKPCNGVAGFN,HLA-A*23:01,65.0,70.0,0.9285714,HLA-A
KVGGNYNYRY,KVSGNYNYLY,HLA-A*23:01,25.917,14.76,1.7558943,HLA-A
QTNSRRRAR,QTKSHRRAR,HLA-A*23:01,29.375,30.286,0.9699201,HLA-A
SRRRARSV,SHRRARSV,HLA-A*23:01,52.0,33.0,1.5757576,HLA-A
VGGNYNYRY,VSGNYNYLY,HLA-A*23:01,14.312,11.035,1.2969643,HLA-A
YQGVNCTEV,YQGVNCTEV,HLA-A*23:01,14.458,14.458,1.0,HLA-A
CEFQFCNDPFLDVY,CEFQFCNDPFL,HLA-A*23:01,75.0,22.143,3.387075,HLA-A
CEFQFCNDPFLDVYY,CEFQFCNDPFL,HLA-A*23:01,75.0,22.143,3.387075,HLA-A
CEFQFCNDPFLDVYYH,CEFQFCNDPFLDH,HLA-A*23:01,90.0,90.0,1.0,HLA-A
CEFQFCNDPFLDVYYHK,CEFQFCNDPFLDHK,HLA-A*23:01,50.0,90.0,0.5555556,HLA-A
CEFQFCNDPFLDVYYHKN,CEFQFCNDPFLDHKN,HLA-A*23:01,100.0,100.0,1.0,HLA-A
DISTEIYQAGSKPC,DISTEIYQAGNKPC,HLA-A*23:01,80.0,90.0,0.8888889,HLA-A
DISTEIYQAGSKPCNG,DISTEIYQAGNKPCNG,HLA-A*23:01,100.0,100.0,1.0,HLA-A
DISTEIYQAGSKPCNG,DISTEIYQAGNKPCNG,HLA-A*23:01,100.0,100.0,1.0,HLA-A
DISTEIYQAGSKPCNGVE,DISTEIYQAGNKPCNGVA,HLA-A*23:01,100.0,100.0,1.0,HLA-A
DISTEIYQAGSKPCNGVEG,DISTEIYQAGNKPCNGVAG,HLA-A*23:01,100.0,100.0,1.0,HLA-A
NVVNQNAQALNTLVKQLSSNFG,DVVNHNAQALNTLVKQLSSKFG,HLA-A*23:01,100.0,100.0,1.0,HLA-A
EFQFCNDPFLDVY,EFQFCNDPFL,HLA-A*23:01,18.9,8.644,2.1864877,HLA-A
EFQFCNDPFLDVYY,EFQFCNDPFL,HLA-A*23:01,33.8,8.644,3.9102266,HLA-A
EFQFCNDPFLDVYY,EFQFCNDPFL,HLA-A*23:01,33.8,8.644,3.9102266,HLA-A
EFQFCNDPFLDVYYH,EFQFCNDPFLDH,HLA-A*23:01,62.5,44.5,1.4044944,HLA-A
EFQFCNDPFLDVYYH,EFQFCNDPFLDH,HLA-A*23:01,62.5,44.5,1.4044944,HLA-A
EFQFCNDPFLDVYYHK,EFQFCNDPFLDHK,HLA-A*23:01,37.0,37.667,0.9822922,HLA-A
EFQFCNDPFLDVYYHK,EFQFCNDPFLDHK,HLA-A*23:01,37.0,37.667,0.9822922,HLA-A
EFQFCNDPFLDVYYHKN,EFQFCNDPFLDHKN,HLA-A*23:01,90.0,90.0,1.0,HLA-A
EFQFCNDPFLDVYYHKN,EFQFCNDPFLDHKN,HLA-A*23:01,90.0,90.0,1.0,HLA-A
EIYQAGSKPCNGVE,EIYQAGNKPCNGVA,HLA-A*23:01,100.0,90.0,1.1111112,HLA-A
FCNDPFLDVY,FCNDPFL,HLA-A*23:01,22.905,,,HLA-A
FCNDPFLDVYY,FCNDPFL,HLA-A*23:01,25.667,,,HLA-A
FCNDPFLDVYYH,FCNDPFLDH,HLA-A*23:01,70.0,32.2,2.173913,HLA-A
FCNDPFLDVYYH,FCNDPFLDH,HLA-A*23:01,70.0,32.2,2.173913,HLA-A
FQFCNDPFLDVYY,FQFCNDPFL,HLA-A*23:01,25.5,4.485,5.6856184,HLA-A
FQFCNDPFLDVYY,FQFCNDPFL,HLA-A*23:01,25.5,4.485,5.6856184,HLA-A
FQFCNDPFLDVYYH,FQFCNDPFLDH,HLA-A*23:01,70.0,24.733,2.830227,HLA-A
FQFCNDPFLDVYYH,FQFCNDPFLDH,HLA-A*23:01,70.0,24.733,2.830227,HLA-A
GGNYNYRYRLFRK,SGNYNYLYRLFRK,HLA-A*23:01,60.0,34.0,1.7647059,HLA-A
GGNYNYRYRLFRKSNLKPF,SGNYNYLYRLFRKSNLKPF,HLA-A*23:01,48.0,37.667,1.274325,HLA-A
ISTEIYQAGSKPC,ISTEIYQAGNKPC,HLA-A*23:01,58.333,58.333,1.0,HLA-A
ISTEIYQAGSKPCN,ISTEIYQAGNKPCN,HLA-A*23:01,100.0,100.0,1.0,HLA-A
ISTEIYQAGSKPCNG,ISTEIYQAGNKPCNG,HLA-A*23:01,100.0,100.0,1.0,HLA-A
ISTEIYQAGSKPCNG,ISTEIYQAGNKPCNG,HLA-A*23:01,100.0,100.0,1.0,HLA-A
ISTEIYQAGSKPCNGVE,ISTEIYQAGNKPCNGVA,HLA-A*23:01,100.0,100.0,1.0,HLA-A
KVGGNYNYRYRLFRKS,KVSGNYNYLYRLFRKS,HLA-A*23:01,75.0,75.0,1.0,HLA-A
NATNVVIKVCEFQFCNDPFLDVYY,NATNVVIKVCEFQFCNDPFL,HLA-A*23:01,100.0,90.0,1.1111112,HLA-A
RDISTEIYQAGSKPCNG,RDISTEIYQAGNKPCNG,HLA-A*23:01,100.0,100.0,1.0,HLA-A
RDISTEIYQAGSKPCNG,RDISTEIYQAGNKPCNG,HLA-A*23:01,100.0,100.0,1.0,HLA-A
RDISTEIYQAGSKPCNGVE,RDISTEIYQAGNKPCNGVA,HLA-A*23:01,100.0,100.0,1.0,HLA-A
RDISTEIYQAGSKPCNGVEG,RDISTEIYQAGNKPCNGVAG,HLA-A*23:01,100.0,100.0,1.0,HLA-A
SKVGGNYNYRYRLFRKS,SKVSGNYNYLYRLFRKS,HLA-A*23:01,75.0,70.0,1.0714285,HLA-A
STEIYQAGSKPCN,STEIYQAGNKPCN,HLA-A*23:01,100.0,100.0,1.0,HLA-A
STEIYQAGSKPCNG,STEIYQAGNKPCNG,HLA-A*23:01,100.0,100.0,1.0,HLA-A
TEIYQAGSKPCNG,TEIYQAGNKPCNG,HLA-A*23:01,100.0,100.0,1.0,HLA-A
VCEFQFCNDPFLDVYYH,VCEFQFCNDPFLDH,HLA-A*23:01,100.0,100.0,1.0,HLA-A
VGGNYNYRYRL,VSGNYNYLYRL,HLA-A*23:01,22.333,16.397,1.3620175,HLA-A
VGGNYNYRYRLFRK,VSGNYNYLYRLFRK,HLA-A*23:01,53.0,51.0,1.0392157,HLA-A
VGGNYNYRYRLFRKSN,VSGNYNYLYRLFRKSN,HLA-A*23:01,75.0,80.0,0.9375,HLA-A
VGGNYNYRYRLFRKSNL,VSGNYNYLYRLFRKSNL,HLA-A*23:01,60.0,56.667,1.0588173,HLA-A
VGGNYNYRYRLFRKSNLKP,VSGNYNYLYRLFRKSNLKP,HLA-A*23:01,80.0,80.0,1.0,HLA-A
NVVNQNAQALNTLVKQLSSN,DVVNHNAQALNTLVKQLSSK,HLA-A*23:01,100.0,100.0,1.0,HLA-A
GKLQNVVNQNAQALNTLVK,GKLQDVVNHNAQALNTLVK,HLA-A*23:01,80.0,80.0,1.0,HLA-A
KLQNVVNQNAQALNTLV,KLQDVVNHNAQALNTLV,HLA-A*23:01,75.0,65.0,1.1538461,HLA-A
KSNLKPFERDISTEIYQAGSKP,KSNLKPFERDISTEIYQAGNKP,HLA-A*23:01,100.0,100.0,1.0,HLA-A
PFLDVYYH,PVLKGVKLH,HLA-A*23:01,18.25,36.0,0.5069444,HLA-A
PFLDVYYHK,PFLDHK,HLA-A*23:01,2.698,,,HLA-A
CNDPFLDVY,CNDPFL,HLA-A*23:01,25.917,,,HLA-A
LKPFERDISTEIYQAGSKPCNGVEGFNCYFPLQ,LKPFERDISTEIYQAGNKPCNGVAGFNCYFPLR,HLA-A*23:01,100.0,100.0,1.0,HLA-A
IYQAGSKPCNGVEGFNCYFP,IYQAGNKPCNGVAGFNCYFP,HLA-A*23:01,24.6,26.818,0.9172943,HLA-A
CEFQFCNDPFLDVYYHKNNK,CEFQFCNDPFLDHKNNK,HLA-A*23:01,100.0,70.0,1.4285715,HLA-A
DISTEIYQAGSKPC,DISTEIYQAGNKPC,HLA-A*23:01,80.0,90.0,0.8888889,HLA-A
DISTEIYQAGSKPCNG,DISTEIYQAGNKPCNG,HLA-A*23:01,100.0,100.0,1.0,HLA-A
EFQFCNDPFLDVYYH,EFQFCNDPFLDH,HLA-A*23:01,62.5,44.5,1.4044944,HLA-A
EIYQAGSK,EIYQAGNK,HLA-A*23:01,75.0,75.0,1.0,HLA-A
EIYQAGSKPCNGVEGFNCYF,EIYQAGNKPCNGVAGFNCYF,HLA-A*23:01,21.5,23.0,0.9347826,HLA-A
ISTEIYQAGSKPCNG,ISTEIYQAGNKPCNG,HLA-A*23:01,100.0,100.0,1.0,HLA-A
KSNLKPFERDISTEIYQAGSKPC,KSNLKPFERDISTEIYQAGNKPC,HLA-A*23:01,100.0,100.0,1.0,HLA-A
KVGGNYNYRYRLFRK,KVSGNYNYLYRLFRK,HLA-A*23:01,55.0,50.0,1.1,HLA-A
RDISTEIYQAGSKPCNGVEG,RDISTEIYQAGNKPCNGVAG,HLA-A*23:01,100.0,100.0,1.0,HLA-A
DSKVGGNYNYRYRLFRK,DSKVSGNYNYLYRLFRK,HLA-A*23:01,80.0,65.0,1.2307693,HLA-A
IGAGICASYQTQTNSRR,IGAGICASYQTQTKSHR,HLA-A*23:01,70.0,70.0,1.0,HLA-A
LDVYYHKNNKSWMESGV,LDHKNNKSWMESEF,HLA-A*23:01,90.0,58.333,1.542866,HLA-A
PFERDISTEIYQAGSKP,PFERDISTEIYQAGNKP,HLA-A*23:01,90.0,90.0,1.0,HLA-A
QFCNDPFLDVYYHKNNK,QFCNDPFLDHKNNK,HLA-A*23:01,47.0,46.5,1.0107527,HLA-A
SRRRARSVASQSIIAYT,SHRRARSVASQSIIAYT,HLA-A*23:01,90.0,80.0,1.125,HLA-A
TEIYQAGSKPCNGVEGF,TEIYQAGNKPCNGVAGF,HLA-A*23:01,29.125,33.8,0.8616864,HLA-A
VIKVCEFQFCNDPFLDV,VIKVCEFQFCNDPFLDH,HLA-A*23:01,90.0,90.0,1.0,HLA-A
VLYQGVNCTEVPVAIHA,VLYQGVNCTEVPVAIHA,HLA-A*23:01,75.0,75.0,1.0,HLA-A
FLDVYYHKNNKSWMESG,FLDHKNNKSWMESE,HLA-A*23:01,80.0,80.0,1.0,HLA-A
GGNYNYRYRLFRKSNLKPFERDI,SGNYNYLYRLFRKSNLKPFERDI,HLA-A*23:01,90.0,90.0,1.0,HLA-A
FQFCNDPFLDVYYHKNNK,FQFCNDPFLDHKNNK,HLA-A*23:01,70.0,49.0,1.4285715,HLA-A
KVCEFQFCNDPFLDVYYHK,KVCEFQFCNDPFLDHK,HLA-A*23:01,24.8,65.0,0.38153845,HLA-A
LDSKVGGNYNYRYRLFRKS,LDSKVSGNYNYLYRLFRKS,HLA-A*23:01,80.0,90.0,0.8888889,HLA-A
QGVNCTEVPVAIHADQLTP,QGVNCTEVPVAIHADQLTP,HLA-A*23:01,100.0,100.0,1.0,HLA-A
GGNYNYRYRLFRKSNLKPFE,SGNYNYLYRLFRKSNLKPFE,HLA-A*23:01,100.0,80.0,1.25,HLA-A
GSKPCNGVEGFNCYFPLQSY,GNKPCNGVAGFNCYFPLRSY,HLA-A*23:01,90.0,90.0,1.0,HLA-A
WNSNNLDSKVGGNYNYRYRL,WNSNKLDSKVSGNYNYLYRL,HLA-A*23:01,90.0,90.0,1.0,HLA-A
IGAGICASYQTQTNSRRR,IGAGICASYQTQTKSHRR,HLA-A*23:01,75.0,70.0,1.0714285,HLA-A
NTSNQVAVLYQGVNCTEV,NTSNQVAVLYQGVNCTEV,HLA-A*23:01,90.0,90.0,1.0,HLA-A
SRRRARSVASQSIIAYTM,SHRRARSVASQSIIAYTM,HLA-A*23:01,40.0,33.0,1.2121212,HLA-A
EIYQAGSKPCNGV,EIYQAGNKPCNGV,HLA-A*23:01,54.0,58.333,0.92571956,HLA-A
LQNVVNQNAQALNTL,LQDVVNHNAQALNTL,HLA-A*68:02,65.0,58.571,1.1097642,HLA-A
VGGNYNYRYRLFRKS,VSGNYNYLYRLFRKS,HLA-A*68:02,100.0,100.0,1.0,HLA-A
AGCLIGAEHVNNSYECDIPIGAGICASYQTQTNSRRRARSVAS,AGCLIGAEYVNNSYECDIPIGAGICASYQTQTKSHRRARSVAS,HLA-A*68:02,100.0,100.0,1.0,HLA-A
FCNDPFLDVYY,FCNDPFL,HLA-A*68:02,21.51,,,HLA-A
KVCEFQFCNDPFLDVYYHKNNKSWMESGVYSSANNCTFEYV,KVCEFQFCNDPFLDHKNNKSWMESEFRVYSSANNCTFEYV,HLA-A*68:02,100.0,95.0,1.0526316,HLA-A
LPDDFTGCVIAWNSNNLDSKVGGNYNYRYRLFRKSNLKPFERD,LPDDFTGCVIAWNSNKLDSKVSGNYNYLYRLFRKSNLKPFERD,HLA-A*68:02,100.0,100.0,1.0,HLA-A
SYQTQTNSRRRARSVA,SYQTQTKSHRRARSVA,HLA-A*68:02,78.333,83.333,0.93999976,HLA-A
VLYQGVNCTEVPVAIHADQLTPTWRVYSTGSNVFQTRAGCLIG,VLYQGVNCTEVPVAIHADQLTPTWRVYSTGSNVFQTRAGCLIG,HLA-A*68:02,100.0,100.0,1.0,HLA-A
ERDISTEIYQAGSKPCNG,ERDISTEIYQAGNKPCNG,HLA-A*68:02,100.0,100.0,1.0,HLA-A
SYQTQTNSRRRARSVASQ,SYQTQTKSHRRARSVASQ,HLA-A*68:02,95.0,95.0,1.0,HLA-A
GGNYNYRYRLFRKSN,SGNYNYLYRLFRKSN,HLA-A*68:02,100.0,100.0,1.0,HLA-A
CEFQFCNDPFLDVYY,CEFQFCNDPFL,HLA-A*68:02,83.333,46.833,1.779365,HLA-A
EIYQAGSKPCNGVEG,EIYQAGNKPCNGVAG,HLA-A*68:02,66.429,67.857,0.97895575,HLA-A
GKLQNVVNQNAQALN,GKLQDVVNHNAQALN,HLA-A*68:02,100.0,100.0,1.0,HLA-A
LDSKVGGNYNYRYRL,LDSKVSGNYNYLYRL,HLA-A*68:02,80.0,81.667,0.97958785,HLA-A
LDVYYHKNNKSWMES,LDHKNNKSWMES,HLA-A*68:02,100.0,95.0,1.0526316,HLA-A
RDISTEIYQAGSKPC,RDISTEIYQAGNKPC,HLA-A*68:02,95.0,95.0,1.0,HLA-A
SRRRARSVA,SHRRARSVA,HLA-A*68:02,64.0,49.8,1.2851406,HLA-A
FQFCNDPFLDVYYHK,FQFCNDPFLDHK,HLA-A*68:02,73.0,55.0,1.3272728,HLA-A
DVYYHKNNK,HKNNK,HLA-A*68:02,6.781,,,HLA-A
STEIYQAGSKPCNGV,STEIYQAGNKPCNGV,HLA-A*68:02,19.015,26.04,0.7302227,HLA-A
SKPCNGVEGFNCYFP,NKPCNGVAGFNCYFP,HLA-A*68:02,100.0,95.0,1.0526316,HLA-A
YQAGSKPCNGVEGFN,YQAGNKPCNGVAGFN,HLA-A*68:02,95.0,95.0,1.0,HLA-A
KVGGNYNYRY,KVSGNYNYLY,HLA-A*68:02,51.905,24.0,2.1627083,HLA-A
QTNSRRRAR,QTKSHRRAR,HLA-A*68:02,17.465,16.722,1.0444325,HLA-A
SRRRARSV,SHRRARSV,HLA-A*68:02,62.5,58.929,1.0605984,HLA-A
VGGNYNYRY,VSGNYNYLY,HLA-A*68:02,58.929,37.786,1.5595459,HLA-A
YQGVNCTEV,YQGVNCTEV,HLA-A*68:02,14.535,14.535,1.0,HLA-A
CEFQFCNDPFLDVY,CEFQFCNDPFL,HLA-A*68:02,95.0,46.833,2.028484,HLA-A
CEFQFCNDPFLDVYY,CEFQFCNDPFL,HLA-A*68:02,83.333,46.833,1.779365,HLA-A
CEFQFCNDPFLDVYYH,CEFQFCNDPFLDH,HLA-A*68:02,100.0,95.0,1.0526316,HLA-A
CEFQFCNDPFLDVYYHK,CEFQFCNDPFLDHK,HLA-A*68:02,83.333,85.0,0.9803882,HLA-A
CEFQFCNDPFLDVYYHKN,CEFQFCNDPFLDHKN,HLA-A*68:02,100.0,100.0,1.0,HLA-A
DISTEIYQAGSKPC,DISTEIYQAGNKPC,HLA-A*68:02,80.0,80.0,1.0,HLA-A
DISTEIYQAGSKPCNG,DISTEIYQAGNKPCNG,HLA-A*68:02,100.0,100.0,1.0,HLA-A
DISTEIYQAGSKPCNG,DISTEIYQAGNKPCNG,HLA-A*68:02,100.0,100.0,1.0,HLA-A
DISTEIYQAGSKPCNGVE,DISTEIYQAGNKPCNGVA,HLA-A*68:02,95.0,48.167,1.9723047,HLA-A
DISTEIYQAGSKPCNGVEG,DISTEIYQAGNKPCNGVAG,HLA-A*68:02,95.0,95.0,1.0,HLA-A
NVVNQNAQALNTLVKQLSSNFG,DVVNHNAQALNTLVKQLSSKFG,HLA-A*68:02,100.0,100.0,1.0,HLA-A
EFQFCNDPFLDVY,EFQFCNDPFL,HLA-A*68:02,58.929,12.474,4.7241464,HLA-A
EFQFCNDPFLDVYY,EFQFCNDPFL,HLA-A*68:02,57.857,12.474,4.6382074,HLA-A
EFQFCNDPFLDVYY,EFQFCNDPFL,HLA-A*68:02,57.857,12.474,4.6382074,HLA-A
EFQFCNDPFLDVYYH,EFQFCNDPFLDH,HLA-A*68:02,81.667,75.0,1.0888933,HLA-A
EFQFCNDPFLDVYYH,EFQFCNDPFLDH,HLA-A*68:02,81.667,75.0,1.0888933,HLA-A
EFQFCNDPFLDVYYHK,EFQFCNDPFLDHK,HLA-A*68:02,70.0,55.357,1.2645195,HLA-A
EFQFCNDPFLDVYYHK,EFQFCNDPFLDHK,HLA-A*68:02,70.0,55.357,1.2645195,HLA-A
EFQFCNDPFLDVYYHKN,EFQFCNDPFLDHKN,HLA-A*68:02,100.0,95.0,1.0526316,HLA-A
EFQFCNDPFLDVYYHKN,EFQFCNDPFLDHKN,HLA-A*68:02,100.0,95.0,1.0526316,HLA-A
EIYQAGSKPCNGVE,EIYQAGNKPCNGVA,HLA-A*68:02,64.0,18.006,3.5543706,HLA-A
FCNDPFLDVY,FCNDPFL,HLA-A*68:02,26.24,,,HLA-A
FCNDPFLDVYY,FCNDPFL,HLA-A*68:02,21.51,,,HLA-A
FCNDPFLDVYYH,FCNDPFLDH,HLA-A*68:02,60.5,46.667,1.2964193,HLA-A
FCNDPFLDVYYH,FCNDPFLDH,HLA-A*68:02,60.5,46.667,1.2964193,HLA-A
FQFCNDPFLDVYY,FQFCNDPFL,HLA-A*68:02,72.0,9.435,7.6311603,HLA-A
FQFCNDPFLDVYY,FQFCNDPFL,HLA-A*68:02,72.0,9.435,7.6311603,HLA-A
FQFCNDPFLDVYYH,FQFCNDPFLDH,HLA-A*68:02,90.0,63.5,1.4173229,HLA-A
FQFCNDPFLDVYYH,FQFCNDPFLDH,HLA-A*68:02,90.0,63.5,1.4173229,HLA-A
GGNYNYRYRLFRK,SGNYNYLYRLFRK,HLA-A*68:02,100.0,90.0,1.1111112,HLA-A
GGNYNYRYRLFRKSNLKPF,SGNYNYLYRLFRKSNLKPF,HLA-A*68:02,100.0,95.0,1.0526316,HLA-A
ISTEIYQAGSKPC,ISTEIYQAGNKPC,HLA-A*68:02,80.0,80.0,1.0,HLA-A
ISTEIYQAGSKPCN,ISTEIYQAGNKPCN,HLA-A*68:02,100.0,100.0,1.0,HLA-A
ISTEIYQAGSKPCNG,ISTEIYQAGNKPCNG,HLA-A*68:02,100.0,100.0,1.0,HLA-A
ISTEIYQAGSKPCNG,ISTEIYQAGNKPCNG,HLA-A*68:02,100.0,100.0,1.0,HLA-A
ISTEIYQAGSKPCNGVE,ISTEIYQAGNKPCNGVA,HLA-A*68:02,95.0,68.571,1.3854253,HLA-A
KVGGNYNYRYRLFRKS,KVSGNYNYLYRLFRKS,HLA-A*68:02,100.0,95.0,1.0526316,HLA-A
NATNVVIKVCEFQFCNDPFLDVYY,NATNVVIKVCEFQFCNDPFL,HLA-A*68:02,100.0,90.0,1.1111112,HLA-A
RDISTEIYQAGSKPCNG,RDISTEIYQAGNKPCNG,HLA-A*68:02,100.0,100.0,1.0,HLA-A
RDISTEIYQAGSKPCNG,RDISTEIYQAGNKPCNG,HLA-A*68:02,100.0,100.0,1.0,HLA-A
RDISTEIYQAGSKPCNGVE,RDISTEIYQAGNKPCNGVA,HLA-A*68:02,95.0,81.667,1.1632606,HLA-A
RDISTEIYQAGSKPCNGVEG,RDISTEIYQAGNKPCNGVAG,HLA-A*68:02,100.0,100.0,1.0,HLA-A
SKVGGNYNYRYRLFRKS,SKVSGNYNYLYRLFRKS,HLA-A*68:02,95.0,100.0,0.95,HLA-A
STEIYQAGSKPCN,STEIYQAGNKPCN,HLA-A*68:02,95.0,100.0,0.95,HLA-A
STEIYQAGSKPCNG,STEIYQAGNKPCNG,HLA-A*68:02,100.0,100.0,1.0,HLA-A
TEIYQAGSKPCNG,TEIYQAGNKPCNG,HLA-A*68:02,100.0,100.0,1.0,HLA-A
VCEFQFCNDPFLDVYYH,VCEFQFCNDPFLDH,HLA-A*68:02,100.0,100.0,1.0,HLA-A
VGGNYNYRYRL,VSGNYNYLYRL,HLA-A*68:02,42.5,30.483,1.3942198,HLA-A
VGGNYNYRYRLFRK,VSGNYNYLYRLFRK,HLA-A*68:02,100.0,100.0,1.0,HLA-A
VGGNYNYRYRLFRKSN,VSGNYNYLYRLFRKSN,HLA-A*68:02,100.0,100.0,1.0,HLA-A
VGGNYNYRYRLFRKSNL,VSGNYNYLYRLFRKSNL,HLA-A*68:02,90.0,83.333,1.0800043,HLA-A
VGGNYNYRYRLFRKSNLKP,VSGNYNYLYRLFRKSNLKP,HLA-A*68:02,100.0,95.0,1.0526316,HLA-A
NVVNQNAQALNTLVKQLSSN,DVVNHNAQALNTLVKQLSSK,HLA-A*68:02,100.0,100.0,1.0,HLA-A
GKLQNVVNQNAQALNTLVK,GKLQDVVNHNAQALNTLVK,HLA-A*68:02,95.0,95.0,1.0,HLA-A
KLQNVVNQNAQALNTLV,KLQDVVNHNAQALNTLV,HLA-A*68:02,66.429,46.0,1.4441087,HLA-A
KSNLKPFERDISTEIYQAGSKP,KSNLKPFERDISTEIYQAGNKP,HLA-A*68:02,100.0,100.0,1.0,HLA-A
PFLDVYYH,PVLKGVKLH,HLA-A*68:02,95.0,75.0,1.2666667,HLA-A
PFLDVYYHK,PFLDHK,HLA-A*68:02,47.667,,,HLA-A
CNDPFLDVY,CNDPFL,HLA-A*68:02,54.762,,,HLA-A
LKPFERDISTEIYQAGSKPCNGVEGFNCYFPLQ,LKPFERDISTEIYQAGNKPCNGVAGFNCYFPLR,HLA-A*68:02,100.0,100.0,1.0,HLA-A
IYQAGSKPCNGVEGFNCYFP,IYQAGNKPCNGVAGFNCYFP,HLA-A*68:02,100.0,100.0,1.0,HLA-A
CEFQFCNDPFLDVYYHKNNK,CEFQFCNDPFLDHKNNK,HLA-A*68:02,100.0,80.0,1.25,HLA-A
DISTEIYQAGSKPC,DISTEIYQAGNKPC,HLA-A*68:02,80.0,80.0,1.0,HLA-A
DISTEIYQAGSKPCNG,DISTEIYQAGNKPCNG,HLA-A*68:02,100.0,100.0,1.0,HLA-A
EFQFCNDPFLDVYYH,EFQFCNDPFLDH,HLA-A*68:02,81.667,75.0,1.0888933,HLA-A
EIYQAGSK,EIYQAGNK,HLA-A*68:02,31.786,34.714,0.9156536,HLA-A
EIYQAGSKPCNGVEGFNCYF,EIYQAGNKPCNGVAGFNCYF,HLA-A*68:02,90.0,95.0,0.94736844,HLA-A
ISTEIYQAGSKPCNG,ISTEIYQAGNKPCNG,HLA-A*68:02,100.0,100.0,1.0,HLA-A
KSNLKPFERDISTEIYQAGSKPC,KSNLKPFERDISTEIYQAGNKPC,HLA-A*68:02,100.0,100.0,1.0,HLA-A
KVGGNYNYRYRLFRK,KVSGNYNYLYRLFRK,HLA-A*68:02,95.0,90.0,1.0555556,HLA-A
RDISTEIYQAGSKPCNGVEG,RDISTEIYQAGNKPCNGVAG,HLA-A*68:02,100.0,100.0,1.0,HLA-A
DSKVGGNYNYRYRLFRK,DSKVSGNYNYLYRLFRK,HLA-A*68:02,76.667,76.667,1.0,HLA-A
IGAGICASYQTQTNSRR,IGAGICASYQTQTKSHR,HLA-A*68:02,81.667,83.333,0.9800079,HLA-A
LDVYYHKNNKSWMESGV,LDHKNNKSWMESEF,HLA-A*68:02,76.667,95.0,0.807021,HLA-A
PFERDISTEIYQAGSKP,PFERDISTEIYQAGNKP,HLA-A*68:02,95.0,95.0,1.0,HLA-A
QFCNDPFLDVYYHKNNK,QFCNDPFLDHKNNK,HLA-A*68:02,83.333,85.0,0.9803882,HLA-A
SRRRARSVASQSIIAYT,SHRRARSVASQSIIAYT,HLA-A*68:02,62.5,62.5,1.0,HLA-A
TEIYQAGSKPCNGVEGF,TEIYQAGNKPCNGVAGF,HLA-A*68:02,70.0,67.857,1.031581,HLA-A
VIKVCEFQFCNDPFLDV,VIKVCEFQFCNDPFLDH,HLA-A*68:02,54.524,100.0,0.54524,HLA-A
VLYQGVNCTEVPVAIHA,VLYQGVNCTEVPVAIHA,HLA-A*68:02,45.857,45.857,1.0,HLA-A
FLDVYYHKNNKSWMESG,FLDHKNNKSWMESE,HLA-A*68:02,100.0,95.0,1.0526316,HLA-A
GGNYNYRYRLFRKSNLKPFERDI,SGNYNYLYRLFRKSNLKPFERDI,HLA-A*68:02,100.0,100.0,1.0,HLA-A
FQFCNDPFLDVYYHKNNK,FQFCNDPFLDHKNNK,HLA-A*68:02,80.0,71.0,1.1267606,HLA-A
KVCEFQFCNDPFLDVYYHK,KVCEFQFCNDPFLDHK,HLA-A*68:02,85.0,85.0,1.0,HLA-A
LDSKVGGNYNYRYRLFRKS,LDSKVSGNYNYLYRLFRKS,HLA-A*68:02,100.0,100.0,1.0,HLA-A
QGVNCTEVPVAIHADQLTP,QGVNCTEVPVAIHADQLTP,HLA-A*68:02,85.0,85.0,1.0,HLA-A
GGNYNYRYRLFRKSNLKPFE,SGNYNYLYRLFRKSNLKPFE,HLA-A*68:02,100.0,100.0,1.0,HLA-A
GSKPCNGVEGFNCYFPLQSY,GNKPCNGVAGFNCYFPLRSY,HLA-A*68:02,95.0,100.0,0.95,HLA-A
WNSNNLDSKVGGNYNYRYRL,WNSNKLDSKVSGNYNYLYRL,HLA-A*68:02,100.0,100.0,1.0,HLA-A
IGAGICASYQTQTNSRRR,IGAGICASYQTQTKSHRR,HLA-A*68:02,83.333,78.333,1.06383,HLA-A
NTSNQVAVLYQGVNCTEV,NTSNQVAVLYQGVNCTEV,HLA-A*68:02,13.95,13.95,1.0,HLA-A
SRRRARSVASQSIIAYTM,SHRRARSVASQSIIAYTM,HLA-A*68:02,68.571,71.0,0.9657887,HLA-A
EIYQAGSKPCNGV,EIYQAGNKPCNGV,HLA-A*68:02,3.701,3.592,1.0303452,HLA-A
LQNVVNQNAQALNTL,LQDVVNHNAQALNTL,HLA-A*30:01,86.429,90.5,0.9550166,HLA-A
VGGNYNYRYRLFRKS,VSGNYNYLYRLFRKS,HLA-A*30:01,86.786,82.941,1.0463582,HLA-A
AGCLIGAEHVNNSYECDIPIGAGICASYQTQTNSRRRARSVAS,AGCLIGAEYVNNSYECDIPIGAGICASYQTQTKSHRRARSVAS,HLA-A*30:01,99.5,99.5,1.0,HLA-A
FCNDPFLDVYY,FCNDPFL,HLA-A*30:01,39.884,,,HLA-A
KVCEFQFCNDPFLDVYYHKNNKSWMESGVYSSANNCTFEYV,KVCEFQFCNDPFLDHKNNKSWMESEFRVYSSANNCTFEYV,HLA-A*30:01,99.0,98.0,1.0102041,HLA-A
LPDDFTGCVIAWNSNNLDSKVGGNYNYRYRLFRKSNLKPFERD,LPDDFTGCVIAWNSNKLDSKVSGNYNYLYRLFRKSNLKPFERD,HLA-A*30:01,100.0,100.0,1.0,HLA-A
SYQTQTNSRRRARSVA,SYQTQTKSHRRARSVA,HLA-A*30:01,36.316,35.823,1.0137621,HLA-A
VLYQGVNCTEVPVAIHADQLTPTWRVYSTGSNVFQTRAGCLIG,VLYQGVNCTEVPVAIHADQLTPTWRVYSTGSNVFQTRAGCLIG,HLA-A*30:01,100.0,100.0,1.0,HLA-A
ERDISTEIYQAGSKPCNG,ERDISTEIYQAGNKPCNG,HLA-A*30:01,99.5,99.5,1.0,HLA-A
SYQTQTNSRRRARSVASQ,SYQTQTKSHRRARSVASQ,HLA-A*30:01,71.607,71.607,1.0,HLA-A
GGNYNYRYRLFRKSN,SGNYNYLYRLFRKSN,HLA-A*30:01,98.0,91.5,1.0710382,HLA-A
CEFQFCNDPFLDVYY,CEFQFCNDPFL,HLA-A*30:01,97.5,80.588,1.2098576,HLA-A
EIYQAGSKPCNGVEG,EIYQAGNKPCNGVAG,HLA-A*30:01,99.0,99.0,1.0,HLA-A
GKLQNVVNQNAQALN,GKLQDVVNHNAQALN,HLA-A*30:01,99.5,99.5,1.0,HLA-A
LDSKVGGNYNYRYRL,LDSKVSGNYNYLYRL,HLA-A*30:01,90.0,96.0,0.9375,HLA-A
LDVYYHKNNKSWMES,LDHKNNKSWMES,HLA-A*30:01,96.5,82.647,1.1676165,HLA-A
RDISTEIYQAGSKPC,RDISTEIYQAGNKPC,HLA-A*30:01,84.412,83.824,1.0070148,HLA-A
SRRRARSVA,SHRRARSVA,HLA-A*30:01,6.958,8.419,0.826464,HLA-A
FQFCNDPFLDVYYHK,FQFCNDPFLDHK,HLA-A*30:01,36.895,22.511,1.6389766,HLA-A
DVYYHKNNK,HKNNK,HLA-A*30:01,2.991,,,HLA-A
STEIYQAGSKPCNGV,STEIYQAGNKPCNGV,HLA-A*30:01,79.545,76.818,1.0354995,HLA-A
SKPCNGVEGFNCYFP,NKPCNGVAGFNCYFP,HLA-A*30:01,99.0,99.5,0.99497485,HLA-A
YQAGSKPCNGVEGFN,YQAGNKPCNGVAGFN,HLA-A*30:01,99.0,99.0,1.0,HLA-A
KVGGNYNYRY,KVSGNYNYLY,HLA-A*30:01,9.233,3.689,2.5028462,HLA-A
QTNSRRRAR,QTKSHRRAR,HLA-A*30:01,1.774,0.756,2.346561,HLA-A
SRRRARSV,SHRRARSV,HLA-A*30:01,16.289,20.0,0.81444997,HLA-A
VGGNYNYRY,VSGNYNYLY,HLA-A*30:01,23.76,13.824,1.71875,HLA-A
YQGVNCTEV,YQGVNCTEV,HLA-A*30:01,39.07,39.07,1.0,HLA-A
CEFQFCNDPFLDVY,CEFQFCNDPFL,HLA-A*30:01,98.0,80.588,1.216062,HLA-A
CEFQFCNDPFLDVYY,CEFQFCNDPFL,HLA-A*30:01,97.5,80.588,1.2098576,HLA-A
CEFQFCNDPFLDVYYH,CEFQFCNDPFLDH,HLA-A*30:01,98.0,96.0,1.0208334,HLA-A
CEFQFCNDPFLDVYYHK,CEFQFCNDPFLDHK,HLA-A*30:01,70.893,80.588,0.8796967,HLA-A
CEFQFCNDPFLDVYYHKN,CEFQFCNDPFLDHKN,HLA-A*30:01,99.5,99.5,1.0,HLA-A
DISTEIYQAGSKPC,DISTEIYQAGNKPC,HLA-A*30:01,99.0,99.0,1.0,HLA-A
DISTEIYQAGSKPCNG,DISTEIYQAGNKPCNG,HLA-A*30:01,99.5,99.5,1.0,HLA-A
DISTEIYQAGSKPCNG,DISTEIYQAGNKPCNG,HLA-A*30:01,99.5,99.5,1.0,HLA-A
DISTEIYQAGSKPCNGVE,DISTEIYQAGNKPCNGVA,HLA-A*30:01,99.5,95.0,1.0473684,HLA-A
DISTEIYQAGSKPCNGVEG,DISTEIYQAGNKPCNGVAG,HLA-A*30:01,100.0,99.5,1.0050251,HLA-A
NVVNQNAQALNTLVKQLSSNFG,DVVNHNAQALNTLVKQLSSKFG,HLA-A*30:01,100.0,100.0,1.0,HLA-A
EFQFCNDPFLDVY,EFQFCNDPFL,HLA-A*30:01,79.318,53.448,1.4840218,HLA-A
EFQFCNDPFLDVYY,EFQFCNDPFL,HLA-A*30:01,86.786,53.448,1.6237464,HLA-A
EFQFCNDPFLDVYY,EFQFCNDPFL,HLA-A*30:01,86.786,53.448,1.6237464,HLA-A
EFQFCNDPFLDVYYH,EFQFCNDPFLDH,HLA-A*30:01,77.045,74.643,1.0321798,HLA-A
EFQFCNDPFLDVYYH,EFQFCNDPFLDH,HLA-A*30:01,77.045,74.643,1.0321798,HLA-A
EFQFCNDPFLDVYYHK,EFQFCNDPFLDHK,HLA-A*30:01,54.253,45.733,1.1862986,HLA-A
EFQFCNDPFLDVYYHK,EFQFCNDPFLDHK,HLA-A*30:01,54.253,45.733,1.1862986,HLA-A
EFQFCNDPFLDVYYHKN,EFQFCNDPFLDHKN,HLA-A*30:01,97.5,96.5,1.0103627,HLA-A
EFQFCNDPFLDVYYHKN,EFQFCNDPFLDHKN,HLA-A*30:01,97.5,96.5,1.0103627,HLA-A
EIYQAGSKPCNGVE,EIYQAGNKPCNGVA,HLA-A*30:01,98.0,84.118,1.1650301,HLA-A
FCNDPFLDVY,FCNDPFL,HLA-A*30:01,34.522,,,HLA-A
FCNDPFLDVYY,FCNDPFL,HLA-A*30:01,39.884,,,HLA-A
FCNDPFLDVYYH,FCNDPFLDH,HLA-A*30:01,69.342,37.849,1.8320696,HLA-A
FCNDPFLDVYYH,FCNDPFLDH,HLA-A*30:01,69.342,37.849,1.8320696,HLA-A
FQFCNDPFLDVYY,FQFCNDPFL,HLA-A*30:01,73.036,21.97,3.3243515,HLA-A
FQFCNDPFLDVYY,FQFCNDPFL,HLA-A*30:01,73.036,21.97,3.3243515,HLA-A
FQFCNDPFLDVYYH,FQFCNDPFLDH,HLA-A*30:01,88.929,32.824,2.7092676,HLA-A
FQFCNDPFLDVYYH,FQFCNDPFLDH,HLA-A*30:01,88.929,32.824,2.7092676,HLA-A
GGNYNYRYRLFRK,SGNYNYLYRLFRK,HLA-A*30:01,19.153,16.782,1.1412823,HLA-A
GGNYNYRYRLFRKSNLKPF,SGNYNYLYRLFRKSNLKPF,HLA-A*30:01,73.214,58.636,1.2486185,HLA-A
ISTEIYQAGSKPC,ISTEIYQAGNKPC,HLA-A*30:01,88.929,88.929,1.0,HLA-A
ISTEIYQAGSKPCN,ISTEIYQAGNKPCN,HLA-A*30:01,98.5,99.0,0.9949495,HLA-A
ISTEIYQAGSKPCNG,ISTEIYQAGNKPCNG,HLA-A*30:01,97.5,98.0,0.99489796,HLA-A
ISTEIYQAGSKPCNG,ISTEIYQAGNKPCNG,HLA-A*30:01,97.5,98.0,0.99489796,HLA-A
ISTEIYQAGSKPCNGVE,ISTEIYQAGNKPCNGVA,HLA-A*30:01,93.5,71.786,1.3024824,HLA-A
KVGGNYNYRYRLFRKS,KVSGNYNYLYRLFRKS,HLA-A*30:01,43.719,49.429,0.8844808,HLA-A
NATNVVIKVCEFQFCNDPFLDVYY,NATNVVIKVCEFQFCNDPFL,HLA-A*30:01,99.0,96.5,1.0259067,HLA-A
RDISTEIYQAGSKPCNG,RDISTEIYQAGNKPCNG,HLA-A*30:01,98.0,98.0,1.0,HLA-A
RDISTEIYQAGSKPCNG,RDISTEIYQAGNKPCNG,HLA-A*30:01,98.0,98.0,1.0,HLA-A
RDISTEIYQAGSKPCNGVE,RDISTEIYQAGNKPCNGVA,HLA-A*30:01,67.632,57.424,1.1777655,HLA-A
RDISTEIYQAGSKPCNGVEG,RDISTEIYQAGNKPCNGVAG,HLA-A*30:01,99.5,98.0,1.0153061,HLA-A
SKVGGNYNYRYRLFRKS,SKVSGNYNYLYRLFRKS,HLA-A*30:01,78.182,83.529,0.9359863,HLA-A
STEIYQAGSKPCN,STEIYQAGNKPCN,HLA-A*30:01,93.0,96.5,0.9637306,HLA-A
STEIYQAGSKPCNG,STEIYQAGNKPCNG,HLA-A*30:01,96.0,96.5,0.9948186,HLA-A
TEIYQAGSKPCNG,TEIYQAGNKPCNG,HLA-A*30:01,97.5,98.5,0.9898477,HLA-A
VCEFQFCNDPFLDVYYH,VCEFQFCNDPFLDH,HLA-A*30:01,97.0,98.0,0.9897959,HLA-A
VGGNYNYRYRL,VSGNYNYLYRL,HLA-A*30:01,40.628,30.789,1.3195622,HLA-A
VGGNYNYRYRLFRK,VSGNYNYLYRLFRK,HLA-A*30:01,23.683,37.566,0.6304371,HLA-A
VGGNYNYRYRLFRKSN,VSGNYNYLYRLFRKSN,HLA-A*30:01,95.0,94.0,1.0106384,HLA-A
VGGNYNYRYRLFRKSNL,VSGNYNYLYRLFRKSNL,HLA-A*30:01,79.773,77.727,1.026323,HLA-A
VGGNYNYRYRLFRKSNLKP,VSGNYNYLYRLFRKSNLKP,HLA-A*30:01,64.184,54.77,1.1718824,HLA-A
NVVNQNAQALNTLVKQLSSN,DVVNHNAQALNTLVKQLSSK,HLA-A*30:01,99.5,91.0,1.0934066,HLA-A
GKLQNVVNQNAQALNTLVK,GKLQDVVNHNAQALNTLVK,HLA-A*30:01,53.966,52.184,1.0341485,HLA-A
KLQNVVNQNAQALNTLV,KLQDVVNHNAQALNTLV,HLA-A*30:01,62.959,55.152,1.1415542,HLA-A
KSNLKPFERDISTEIYQAGSKP,KSNLKPFERDISTEIYQAGNKP,HLA-A*30:01,98.0,98.0,1.0,HLA-A
PFLDVYYH,PVLKGVKLH,HLA-A*30:01,64.898,26.304,2.4672294,HLA-A
PFLDVYYHK,PFLDHK,HLA-A*30:01,3.615,,,HLA-A
CNDPFLDVY,CNDPFL,HLA-A*30:01,38.064,,,HLA-A
LKPFERDISTEIYQAGSKPCNGVEGFNCYFPLQ,LKPFERDISTEIYQAGNKPCNGVAGFNCYFPLR,HLA-A*30:01,100.0,99.0,1.010101,HLA-A
IYQAGSKPCNGVEGFNCYFP,IYQAGNKPCNGVAGFNCYFP,HLA-A*30:01,99.0,99.0,1.0,HLA-A
CEFQFCNDPFLDVYYHKNNK,CEFQFCNDPFLDHKNNK,HLA-A*30:01,94.5,56.439,1.6743741,HLA-A
DISTEIYQAGSKPC,DISTEIYQAGNKPC,HLA-A*30:01,99.0,99.0,1.0,HLA-A
DISTEIYQAGSKPCNG,DISTEIYQAGNKPCNG,HLA-A*30:01,99.5,99.5,1.0,HLA-A
EFQFCNDPFLDVYYH,EFQFCNDPFLDH,HLA-A*30:01,77.045,74.643,1.0321798,HLA-A
EIYQAGSK,EIYQAGNK,HLA-A*30:01,21.023,23.649,0.8889594,HLA-A
EIYQAGSKPCNGVEGFNCYF,EIYQAGNKPCNGVAGFNCYF,HLA-A*30:01,98.5,98.5,1.0,HLA-A
ISTEIYQAGSKPCNG,ISTEIYQAGNKPCNG,HLA-A*30:01,97.5,98.0,0.99489796,HLA-A
KSNLKPFERDISTEIYQAGSKPC,KSNLKPFERDISTEIYQAGNKPC,HLA-A*30:01,98.5,98.5,1.0,HLA-A
KVGGNYNYRYRLFRK,KVSGNYNYLYRLFRK,HLA-A*30:01,8.921,11.831,0.75403595,HLA-A
RDISTEIYQAGSKPCNGVEG,RDISTEIYQAGNKPCNGVAG,HLA-A*30:01,99.5,98.0,1.0153061,HLA-A
DSKVGGNYNYRYRLFRK,DSKVSGNYNYLYRLFRK,HLA-A*30:01,40.86,41.378,0.9874813,HLA-A
IGAGICASYQTQTNSRR,IGAGICASYQTQTKSHR,HLA-A*30:01,73.214,61.531,1.1898718,HLA-A
LDVYYHKNNKSWMESGV,LDHKNNKSWMESEF,HLA-A*30:01,97.0,98.5,0.98477155,HLA-A
PFERDISTEIYQAGSKP,PFERDISTEIYQAGNKP,HLA-A*30:01,97.5,97.5,1.0,HLA-A
QFCNDPFLDVYYHKNNK,QFCNDPFLDHKNNK,HLA-A*30:01,28.134,40.86,0.68854624,HLA-A
SRRRARSVASQSIIAYT,SHRRARSVASQSIIAYT,HLA-A*30:01,55.833,68.816,0.8113375,HLA-A
TEIYQAGSKPCNGVEGF,TEIYQAGNKPCNGVAGF,HLA-A*30:01,98.0,98.0,1.0,HLA-A
VIKVCEFQFCNDPFLDV,VIKVCEFQFCNDPFLDH,HLA-A*30:01,60.306,65.132,0.9259043,HLA-A
VLYQGVNCTEVPVAIHA,VLYQGVNCTEVPVAIHA,HLA-A*30:01,65.526,65.526,1.0,HLA-A
FLDVYYHKNNKSWMESG,FLDHKNNKSWMESE,HLA-A*30:01,99.5,99.0,1.0050505,HLA-A
GGNYNYRYRLFRKSNLKPFERDI,SGNYNYLYRLFRKSNLKPFERDI,HLA-A*30:01,98.5,98.0,1.005102,HLA-A
FQFCNDPFLDVYYHKNNK,FQFCNDPFLDHKNNK,HLA-A*30:01,36.93,22.528,1.6392933,HLA-A
KVCEFQFCNDPFLDVYYHK,KVCEFQFCNDPFLDHK,HLA-A*30:01,15.372,26.142,0.58801925,HLA-A
LDSKVGGNYNYRYRLFRKS,LDSKVSGNYNYLYRLFRKS,HLA-A*30:01,92.5,96.0,0.9635417,HLA-A
QGVNCTEVPVAIHADQLTP,QGVNCTEVPVAIHADQLTP,HLA-A*30:01,97.5,97.5,1.0,HLA-A
GGNYNYRYRLFRKSNLKPFE,SGNYNYLYRLFRKSNLKPFE,HLA-A*30:01,97.5,93.0,1.048387,HLA-A
GSKPCNGVEGFNCYFPLQSY,GNKPCNGVAGFNCYFPLRSY,HLA-A*30:01,94.0,95.0,0.9894737,HLA-A
WNSNNLDSKVGGNYNYRYRL,WNSNKLDSKVSGNYNYLYRL,HLA-A*30:01,97.5,98.5,0.9898477,HLA-A
IGAGICASYQTQTNSRRR,IGAGICASYQTQTKSHRR,HLA-A*30:01,68.684,64.694,1.061675,HLA-A
NTSNQVAVLYQGVNCTEV,NTSNQVAVLYQGVNCTEV,HLA-A*30:01,92.5,92.5,1.0,HLA-A
SRRRARSVASQSIIAYTM,SHRRARSVASQSIIAYTM,HLA-A*30:01,49.095,60.816,0.8072711,HLA-A
EIYQAGSKPCNGV,EIYQAGNKPCNGV,HLA-A*30:01,86.429,84.706,1.0203409,HLA-A
LQNVVNQNAQALNTL,LQDVVNHNAQALNTL,HLA-A*30:02,65.312,63.095,1.0351374,HLA-A
VGGNYNYRYRLFRKS,VSGNYNYLYRLFRKS,HLA-A*30:02,96.875,92.778,1.0441592,HLA-A
AGCLIGAEHVNNSYECDIPIGAGICASYQTQTNSRRRARSVAS,AGCLIGAEYVNNSYECDIPIGAGICASYQTQTKSHRRARSVAS,HLA-A*30:02,100.0,99.375,1.0062894,HLA-A
FCNDPFLDVYY,FCNDPFL,HLA-A*30:02,1.796,,,HLA-A
KVCEFQFCNDPFLDVYYHKNNKSWMESGVYSSANNCTFEYV,KVCEFQFCNDPFLDHKNNKSWMESEFRVYSSANNCTFEYV,HLA-A*30:02,95.0,95.625,0.99346405,HLA-A
LPDDFTGCVIAWNSNNLDSKVGGNYNYRYRLFRKSNLKPFERD,LPDDFTGCVIAWNSNKLDSKVSGNYNYLYRLFRKSNLKPFERD,HLA-A*30:02,100.0,100.0,1.0,HLA-A
SYQTQTNSRRRARSVA,SYQTQTKSHRRARSVA,HLA-A*30:02,72.6,73.6,0.98641306,HLA-A
VLYQGVNCTEVPVAIHADQLTPTWRVYSTGSNVFQTRAGCLIG,VLYQGVNCTEVPVAIHADQLTPTWRVYSTGSNVFQTRAGCLIG,HLA-A*30:02,99.375,99.375,1.0,HLA-A
ERDISTEIYQAGSKPCNG,ERDISTEIYQAGNKPCNG,HLA-A*30:02,99.375,99.375,1.0,HLA-A
SYQTQTNSRRRARSVASQ,SYQTQTKSHRRARSVASQ,HLA-A*30:02,77.895,77.895,1.0,HLA-A
GGNYNYRYRLFRKSN,SGNYNYLYRLFRKSN,HLA-A*30:02,99.375,97.5,1.0192307,HLA-A
CEFQFCNDPFLDVYY,CEFQFCNDPFL,HLA-A*30:02,49.056,63.929,0.76735127,HLA-A
EIYQAGSKPCNGVEG,EIYQAGNKPCNGVAG,HLA-A*30:02,98.75,98.75,1.0,HLA-A
GKLQNVVNQNAQALN,GKLQDVVNHNAQALN,HLA-A*30:02,99.375,98.75,1.006329,HLA-A
LDSKVGGNYNYRYRL,LDSKVSGNYNYLYRL,HLA-A*30:02,90.0,89.091,1.010203,HLA-A
LDVYYHKNNKSWMES,LDHKNNKSWMES,HLA-A*30:02,98.75,95.625,1.0326798,HLA-A
RDISTEIYQAGSKPC,RDISTEIYQAGNKPC,HLA-A*30:02,91.111,91.667,0.9939346,HLA-A
SRRRARSVA,SHRRARSVA,HLA-A*30:02,38.784,25.027,1.5496863,HLA-A
FQFCNDPFLDVYYHK,FQFCNDPFLDHK,HLA-A*30:02,52.763,26.544,1.9877561,HLA-A
DVYYHKNNK,HKNNK,HLA-A*30:02,17.595,,,HLA-A
STEIYQAGSKPCNGV,STEIYQAGNKPCNGV,HLA-A*30:02,78.947,76.579,1.0309223,HLA-A
SKPCNGVEGFNCYFP,NKPCNGVAGFNCYFP,HLA-A*30:02,91.667,98.75,0.92827344,HLA-A
YQAGSKPCNGVEGFN,YQAGNKPCNGVAGFN,HLA-A*30:02,86.364,88.182,0.9793835,HLA-A
KVGGNYNYRY,KVSGNYNYLY,HLA-A*30:02,0.249,0.095,2.6210527,HLA-A
QTNSRRRAR,QTKSHRRAR,HLA-A*30:02,8.403,5.683,1.4786204,HLA-A
SRRRARSV,SHRRARSV,HLA-A*30:02,51.579,44.68,1.154409,HLA-A
VGGNYNYRY,VSGNYNYLY,HLA-A*30:02,0.583,0.193,3.0207253,HLA-A
YQGVNCTEV,YQGVNCTEV,HLA-A*30:02,24.238,24.238,1.0,HLA-A
CEFQFCNDPFLDVY,CEFQFCNDPFL,HLA-A*30:02,35.167,63.929,0.5500946,HLA-A
CEFQFCNDPFLDVYY,CEFQFCNDPFL,HLA-A*30:02,49.056,63.929,0.76735127,HLA-A
CEFQFCNDPFLDVYYH,CEFQFCNDPFLDH,HLA-A*30:02,86.818,58.75,1.4777532,HLA-A
CEFQFCNDPFLDVYYHK,CEFQFCNDPFLDHK,HLA-A*30:02,85.0,83.333,1.020004,HLA-A
CEFQFCNDPFLDVYYHKN,CEFQFCNDPFLDHKN,HLA-A*30:02,98.75,99.375,0.9937107,HLA-A
DISTEIYQAGSKPC,DISTEIYQAGNKPC,HLA-A*30:02,99.375,99.375,1.0,HLA-A
DISTEIYQAGSKPCNG,DISTEIYQAGNKPCNG,HLA-A*30:02,100.0,100.0,1.0,HLA-A
DISTEIYQAGSKPCNG,DISTEIYQAGNKPCNG,HLA-A*30:02,100.0,100.0,1.0,HLA-A
DISTEIYQAGSKPCNGVE,DISTEIYQAGNKPCNGVA,HLA-A*30:02,99.375,97.5,1.0192307,HLA-A
DISTEIYQAGSKPCNGVEG,DISTEIYQAGNKPCNGVAG,HLA-A*30:02,100.0,99.375,1.0062894,HLA-A
NVVNQNAQALNTLVKQLSSNFG,DVVNHNAQALNTLVKQLSSKFG,HLA-A*30:02,99.375,100.0,0.99375,HLA-A
EFQFCNDPFLDVY,EFQFCNDPFL,HLA-A*30:02,7.938,46.5,0.17070968,HLA-A
EFQFCNDPFLDVYY,EFQFCNDPFL,HLA-A*30:02,28.759,46.5,0.6184731,HLA-A
EFQFCNDPFLDVYY,EFQFCNDPFL,HLA-A*30:02,28.759,46.5,0.6184731,HLA-A
EFQFCNDPFLDVYYH,EFQFCNDPFLDH,HLA-A*30:02,69.531,31.567,2.2026484,HLA-A
EFQFCNDPFLDVYYH,EFQFCNDPFLDH,HLA-A*30:02,69.531,31.567,2.2026484,HLA-A
EFQFCNDPFLDVYYHK,EFQFCNDPFLDHK,HLA-A*30:02,78.421,59.732,1.3128809,HLA-A
EFQFCNDPFLDVYYHK,EFQFCNDPFLDHK,HLA-A*30:02,78.421,59.732,1.3128809,HLA-A
EFQFCNDPFLDVYYHKN,EFQFCNDPFLDHKN,HLA-A*30:02,93.889,98.125,0.95683056,HLA-A
EFQFCNDPFLDVYYHKN,EFQFCNDPFLDHKN,HLA-A*30:02,93.889,98.125,0.95683056,HLA-A
EIYQAGSKPCNGVE,EIYQAGNKPCNGVA,HLA-A*30:02,96.875,88.636,1.0929532,HLA-A
FCNDPFLDVY,FCNDPFL,HLA-A*30:02,1.361,,,HLA-A
FCNDPFLDVYY,FCNDPFL,HLA-A*30:02,1.796,,,HLA-A
FCNDPFLDVYYH,FCNDPFLDH,HLA-A*30:02,26.728,6.665,4.010203,HLA-A
FCNDPFLDVYYH,FCNDPFLDH,HLA-A*30:02,26.728,6.665,4.010203,HLA-A
FQFCNDPFLDVYY,FQFCNDPFL,HLA-A*30:02,7.124,17.33,0.41107905,HLA-A
FQFCNDPFLDVYY,FQFCNDPFL,HLA-A*30:02,7.124,17.33,0.41107905,HLA-A
FQFCNDPFLDVYYH,FQFCNDPFLDH,HLA-A*30:02,58.661,7.109,8.251653,HLA-A
FQFCNDPFLDVYYH,FQFCNDPFLDH,HLA-A*30:02,58.661,7.109,8.251653,HLA-A
GGNYNYRYRLFRK,SGNYNYLYRLFRK,HLA-A*30:02,65.156,59.732,1.0908056,HLA-A
GGNYNYRYRLFRKSNLKPF,SGNYNYLYRLFRKSNLKPF,HLA-A*30:02,65.0,49.056,1.3250163,HLA-A
ISTEIYQAGSKPC,ISTEIYQAGNKPC,HLA-A*30:02,90.556,92.778,0.9760504,HLA-A
ISTEIYQAGSKPCN,ISTEIYQAGNKPCN,HLA-A*30:02,98.125,98.75,0.9936709,HLA-A
ISTEIYQAGSKPCNG,ISTEIYQAGNKPCNG,HLA-A*30:02,99.375,99.375,1.0,HLA-A
ISTEIYQAGSKPCNG,ISTEIYQAGNKPCNG,HLA-A*30:02,99.375,99.375,1.0,HLA-A
ISTEIYQAGSKPCNGVE,ISTEIYQAGNKPCNGVA,HLA-A*30:02,98.125,84.0,1.1681547,HLA-A
KVGGNYNYRYRLFRKS,KVSGNYNYLYRLFRKS,HLA-A*30:02,77.632,59.375,1.3074864,HLA-A
NATNVVIKVCEFQFCNDPFLDVYY,NATNVVIKVCEFQFCNDPFL,HLA-A*30:02,81.667,97.5,0.83761024,HLA-A
RDISTEIYQAGSKPCNG,RDISTEIYQAGNKPCNG,HLA-A*30:02,98.125,97.5,1.0064102,HLA-A
RDISTEIYQAGSKPCNG,RDISTEIYQAGNKPCNG,HLA-A*30:02,98.125,97.5,1.0064102,HLA-A
RDISTEIYQAGSKPCNGVE,RDISTEIYQAGNKPCNGVA,HLA-A*30:02,90.556,78.684,1.150882,HLA-A
RDISTEIYQAGSKPCNGVEG,RDISTEIYQAGNKPCNGVAG,HLA-A*30:02,99.375,99.375,1.0,HLA-A
SKVGGNYNYRYRLFRKS,SKVSGNYNYLYRLFRKS,HLA-A*30:02,95.0,92.222,1.030123,HLA-A
STEIYQAGSKPCN,STEIYQAGNKPCN,HLA-A*30:02,92.778,95.625,0.9702274,HLA-A
STEIYQAGSKPCNG,STEIYQAGNKPCNG,HLA-A*30:02,98.75,98.125,1.0063695,HLA-A
TEIYQAGSKPCNG,TEIYQAGNKPCNG,HLA-A*30:02,98.125,98.75,0.9936709,HLA-A
VCEFQFCNDPFLDVYYH,VCEFQFCNDPFLDH,HLA-A*30:02,84.333,79.737,1.0576395,HLA-A
VGGNYNYRYRL,VSGNYNYLYRL,HLA-A*30:02,50.724,34.137,1.485895,HLA-A
VGGNYNYRYRLFRK,VSGNYNYLYRLFRK,HLA-A*30:02,74.4,69.375,1.0724324,HLA-A
VGGNYNYRYRLFRKSN,VSGNYNYLYRLFRKSN,HLA-A*30:02,98.75,98.125,1.0063695,HLA-A
VGGNYNYRYRLFRKSNL,VSGNYNYLYRLFRKSNL,HLA-A*30:02,93.333,89.545,1.0423027,HLA-A
VGGNYNYRYRLFRKSNLKP,VSGNYNYLYRLFRKSNLKP,HLA-A*30:02,87.727,85.0,1.0320823,HLA-A
NVVNQNAQALNTLVKQLSSN,DVVNHNAQALNTLVKQLSSK,HLA-A*30:02,99.375,93.889,1.0584307,HLA-A
GKLQNVVNQNAQALNTLVK,GKLQDVVNHNAQALNTLVK,HLA-A*30:02,47.8,46.955,1.017996,HLA-A
KLQNVVNQNAQALNTLV,KLQDVVNHNAQALNTLV,HLA-A*30:02,62.262,56.071,1.1104137,HLA-A
KSNLKPFERDISTEIYQAGSKP,KSNLKPFERDISTEIYQAGNKP,HLA-A*30:02,85.455,85.455,1.0,HLA-A
PFLDVYYH,PVLKGVKLH,HLA-A*30:02,44.24,6.438,6.8716993,HLA-A
PFLDVYYHK,PFLDHK,HLA-A*30:02,11.446,,,HLA-A
CNDPFLDVY,CNDPFL,HLA-A*30:02,2.407,,,HLA-A
LKPFERDISTEIYQAGSKPCNGVEGFNCYFPLQ,LKPFERDISTEIYQAGNKPCNGVAGFNCYFPLR,HLA-A*30:02,100.0,99.375,1.0062894,HLA-A
IYQAGSKPCNGVEGFNCYFP,IYQAGNKPCNGVAGFNCYFP,HLA-A*30:02,79.211,86.818,0.9123799,HLA-A
CEFQFCNDPFLDVYYHKNNK,CEFQFCNDPFLDHKNNK,HLA-A*30:02,95.0,84.333,1.1264867,HLA-A
DISTEIYQAGSKPC,DISTEIYQAGNKPC,HLA-A*30:02,99.375,99.375,1.0,HLA-A
DISTEIYQAGSKPCNG,DISTEIYQAGNKPCNG,HLA-A*30:02,100.0,100.0,1.0,HLA-A
EFQFCNDPFLDVYYH,EFQFCNDPFLDH,HLA-A*30:02,69.531,31.567,2.2026484,HLA-A
EIYQAGSK,EIYQAGNK,HLA-A*30:02,42.357,45.261,0.93583876,HLA-A
EIYQAGSKPCNGVEGFNCYF,EIYQAGNKPCNGVAGFNCYF,HLA-A*30:02,74.0,78.421,0.9436248,HLA-A
ISTEIYQAGSKPCNG,ISTEIYQAGNKPCNG,HLA-A*30:02,99.375,99.375,1.0,HLA-A
KSNLKPFERDISTEIYQAGSKPC,KSNLKPFERDISTEIYQAGNKPC,HLA-A*30:02,87.727,87.727,1.0,HLA-A
KVGGNYNYRYRLFRK,KVSGNYNYLYRLFRK,HLA-A*30:02,49.222,42.143,1.1679757,HLA-A
RDISTEIYQAGSKPCNGVEG,RDISTEIYQAGNKPCNGVAG,HLA-A*30:02,99.375,99.375,1.0,HLA-A
DSKVGGNYNYRYRLFRK,DSKVSGNYNYLYRLFRK,HLA-A*30:02,86.818,86.818,1.0,HLA-A
IGAGICASYQTQTNSRR,IGAGICASYQTQTKSHR,HLA-A*30:02,54.276,62.024,0.87508065,HLA-A
LDVYYHKNNKSWMESGV,LDHKNNKSWMESEF,HLA-A*30:02,98.75,81.667,1.2091787,HLA-A
PFERDISTEIYQAGSKP,PFERDISTEIYQAGNKP,HLA-A*30:02,98.125,98.125,1.0,HLA-A
QFCNDPFLDVYYHKNNK,QFCNDPFLDHKNNK,HLA-A*30:02,65.625,70.8,0.92690676,HLA-A
SRRRARSVASQSIIAYT,SHRRARSVASQSIIAYT,HLA-A*30:02,54.539,41.724,1.3071375,HLA-A
TEIYQAGSKPCNGVEGF,TEIYQAGNKPCNGVAGF,HLA-A*30:02,68.75,64.167,1.071423,HLA-A
VIKVCEFQFCNDPFLDV,VIKVCEFQFCNDPFLDH,HLA-A*30:02,81.667,40.667,2.0081885,HLA-A
VLYQGVNCTEVPVAIHA,VLYQGVNCTEVPVAIHA,HLA-A*30:02,67.812,67.812,1.0,HLA-A
FLDVYYHKNNKSWMESG,FLDHKNNKSWMESE,HLA-A*30:02,98.75,97.5,1.0128205,HLA-A
GGNYNYRYRLFRKSNLKPFERDI,SGNYNYLYRLFRKSNLKPFERDI,HLA-A*30:02,98.75,98.125,1.0063695,HLA-A
FQFCNDPFLDVYYHKNNK,FQFCNDPFLDHKNNK,HLA-A*30:02,59.554,37.683,1.5803944,HLA-A
KVCEFQFCNDPFLDVYYHK,KVCEFQFCNDPFLDHK,HLA-A*30:02,38.108,37.732,1.0099651,HLA-A
LDSKVGGNYNYRYRLFRKS,LDSKVSGNYNYLYRLFRKS,HLA-A*30:02,97.5,96.875,1.0064516,HLA-A
QGVNCTEVPVAIHADQLTP,QGVNCTEVPVAIHADQLTP,HLA-A*30:02,95.625,95.625,1.0,HLA-A
GGNYNYRYRLFRKSNLKPFE,SGNYNYLYRLFRKSNLKPFE,HLA-A*30:02,98.125,92.778,1.0576322,HLA-A
GSKPCNGVEGFNCYFPLQSY,GNKPCNGVAGFNCYFPLRSY,HLA-A*30:02,35.438,51.974,0.68184096,HLA-A
WNSNNLDSKVGGNYNYRYRL,WNSNKLDSKVSGNYNYLYRL,HLA-A*30:02,98.125,96.875,1.0129032,HLA-A
IGAGICASYQTQTNSRRR,IGAGICASYQTQTKSHRR,HLA-A*30:02,75.0,66.406,1.129416,HLA-A
NTSNQVAVLYQGVNCTEV,NTSNQVAVLYQGVNCTEV,HLA-A*30:02,92.778,92.778,1.0,HLA-A
SRRRARSVASQSIIAYTM,SHRRARSVASQSIIAYTM,HLA-A*30:02,58.304,53.289,1.0941094,HLA-A
EIYQAGSKPCNGV,EIYQAGNKPCNGV,HLA-A*30:02,82.333,82.333,1.0,HLA-A
LQNVVNQNAQALNTL,LQDVVNHNAQALNTL,HLA-B*42:01,48.714,40.067,1.2158135,HLA-B
VGGNYNYRYRLFRKS,VSGNYNYLYRLFRKS,HLA-B*42:01,100.0,100.0,1.0,HLA-B
AGCLIGAEHVNNSYECDIPIGAGICASYQTQTNSRRRARSVAS,AGCLIGAEYVNNSYECDIPIGAGICASYQTQTKSHRRARSVAS,HLA-B*42:01,100.0,100.0,1.0,HLA-B
FCNDPFLDVYY,FCNDPFL,HLA-B*42:01,39.889,,,HLA-B
KVCEFQFCNDPFLDVYYHKNNKSWMESGVYSSANNCTFEYV,KVCEFQFCNDPFLDHKNNKSWMESEFRVYSSANNCTFEYV,HLA-B*42:01,100.0,100.0,1.0,HLA-B
LPDDFTGCVIAWNSNNLDSKVGGNYNYRYRLFRKSNLKPFERD,LPDDFTGCVIAWNSNKLDSKVSGNYNYLYRLFRKSNLKPFERD,HLA-B*42:01,97.5,95.0,1.0263158,HLA-B
SYQTQTNSRRRARSVA,SYQTQTKSHRRARSVA,HLA-B*42:01,57.222,58.333,0.9809542,HLA-B
VLYQGVNCTEVPVAIHADQLTPTWRVYSTGSNVFQTRAGCLIG,VLYQGVNCTEVPVAIHADQLTPTWRVYSTGSNVFQTRAGCLIG,HLA-B*42:01,100.0,100.0,1.0,HLA-B
ERDISTEIYQAGSKPCNG,ERDISTEIYQAGNKPCNG,HLA-B*42:01,100.0,100.0,1.0,HLA-B
SYQTQTNSRRRARSVASQ,SYQTQTKSHRRARSVASQ,HLA-B*42:01,97.5,97.5,1.0,HLA-B
GGNYNYRYRLFRKSN,SGNYNYLYRLFRKSN,HLA-B*42:01,100.0,100.0,1.0,HLA-B
CEFQFCNDPFLDVYY,CEFQFCNDPFL,HLA-B*42:01,92.5,55.278,1.6733601,HLA-B
EIYQAGSKPCNGVEG,EIYQAGNKPCNGVAG,HLA-B*42:01,92.5,87.5,1.0571429,HLA-B
GKLQNVVNQNAQALN,GKLQDVVNHNAQALN,HLA-B*42:01,95.0,95.0,1.0,HLA-B
LDSKVGGNYNYRYRL,LDSKVSGNYNYLYRL,HLA-B*42:01,73.571,81.25,0.9054892,HLA-B
LDVYYHKNNKSWMES,LDHKNNKSWMES,HLA-B*42:01,100.0,92.5,1.081081,HLA-B
RDISTEIYQAGSKPC,RDISTEIYQAGNKPC,HLA-B*42:01,92.5,92.5,1.0,HLA-B
SRRRARSVA,SHRRARSVA,HLA-B*42:01,13.64,8.449,1.6143922,HLA-B
FQFCNDPFLDVYYHK,FQFCNDPFLDHK,HLA-B*42:01,87.5,78.0,1.1217948,HLA-B
DVYYHKNNK,HKNNK,HLA-B*42:01,38.85,,,HLA-B
STEIYQAGSKPCNGV,STEIYQAGNKPCNGV,HLA-B*42:01,83.75,83.75,1.0,HLA-B
SKPCNGVEGFNCYFP,NKPCNGVAGFNCYFP,HLA-B*42:01,92.5,97.5,0.94871795,HLA-B
YQAGSKPCNGVEGFN,YQAGNKPCNGVAGFN,HLA-B*42:01,61.538,61.923,0.9937826,HLA-B
KVGGNYNYRY,KVSGNYNYLY,HLA-B*42:01,56.389,35.962,1.5680162,HLA-B
QTNSRRRAR,QTKSHRRAR,HLA-B*42:01,23.942,16.467,1.4539382,HLA-B
SRRRARSV,SHRRARSV,HLA-B*42:01,15.382,9.085,1.6931205,HLA-B
VGGNYNYRY,VSGNYNYLY,HLA-B*42:01,52.222,39.778,1.3128363,HLA-B
YQGVNCTEV,YQGVNCTEV,HLA-B*42:01,24.962,24.962,1.0,HLA-B
CEFQFCNDPFLDVY,CEFQFCNDPFL,HLA-B*42:01,90.0,55.278,1.6281341,HLA-B
CEFQFCNDPFLDVYY,CEFQFCNDPFL,HLA-B*42:01,92.5,55.278,1.6733601,HLA-B
CEFQFCNDPFLDVYYH,CEFQFCNDPFLDH,HLA-B*42:01,85.0,97.5,0.8717949,HLA-B
CEFQFCNDPFLDVYYHK,CEFQFCNDPFLDHK,HLA-B*42:01,97.5,97.5,1.0,HLA-B
CEFQFCNDPFLDVYYHKN,CEFQFCNDPFLDHKN,HLA-B*42:01,100.0,100.0,1.0,HLA-B
DISTEIYQAGSKPC,DISTEIYQAGNKPC,HLA-B*42:01,85.0,90.0,0.9444444,HLA-B
DISTEIYQAGSKPCNG,DISTEIYQAGNKPCNG,HLA-B*42:01,100.0,100.0,1.0,HLA-B
DISTEIYQAGSKPCNG,DISTEIYQAGNKPCNG,HLA-B*42:01,100.0,100.0,1.0,HLA-B
DISTEIYQAGSKPCNGVE,DISTEIYQAGNKPCNGVA,HLA-B*42:01,97.5,85.0,1.1470588,HLA-B
DISTEIYQAGSKPCNGVEG,DISTEIYQAGNKPCNGVAG,HLA-B*42:01,100.0,97.5,1.0256411,HLA-B
NVVNQNAQALNTLVKQLSSNFG,DVVNHNAQALNTLVKQLSSKFG,HLA-B*42:01,100.0,100.0,1.0,HLA-B
EFQFCNDPFLDVY,EFQFCNDPFL,HLA-B*42:01,79.0,30.957,2.5519269,HLA-B
EFQFCNDPFLDVYY,EFQFCNDPFL,HLA-B*42:01,92.5,30.957,2.9880157,HLA-B
EFQFCNDPFLDVYY,EFQFCNDPFL,HLA-B*42:01,92.5,30.957,2.9880157,HLA-B
EFQFCNDPFLDVYYH,EFQFCNDPFLDH,HLA-B*42:01,69.444,81.25,0.8546954,HLA-B
EFQFCNDPFLDVYYH,EFQFCNDPFLDH,HLA-B*42:01,69.444,81.25,0.8546954,HLA-B
EFQFCNDPFLDVYYHK,EFQFCNDPFLDHK,HLA-B*42:01,95.0,92.5,1.027027,HLA-B
EFQFCNDPFLDVYYHK,EFQFCNDPFLDHK,HLA-B*42:01,95.0,92.5,1.027027,HLA-B
EFQFCNDPFLDVYYHKN,EFQFCNDPFLDHKN,HLA-B*42:01,100.0,100.0,1.0,HLA-B
EFQFCNDPFLDVYYHKN,EFQFCNDPFLDHKN,HLA-B*42:01,100.0,100.0,1.0,HLA-B
EIYQAGSKPCNGVE,EIYQAGNKPCNGVA,HLA-B*42:01,90.0,64.231,1.4011925,HLA-B
FCNDPFLDVY,FCNDPFL,HLA-B*42:01,29.352,,,HLA-B
FCNDPFLDVYY,FCNDPFL,HLA-B*42:01,39.889,,,HLA-B
FCNDPFLDVYYH,FCNDPFLDH,HLA-B*42:01,38.4,27.786,1.381991,HLA-B
FCNDPFLDVYYH,FCNDPFLDH,HLA-B*42:01,38.4,27.786,1.381991,HLA-B
FQFCNDPFLDVYY,FQFCNDPFL,HLA-B*42:01,79.0,14.796,5.339281,HLA-B
FQFCNDPFLDVYY,FQFCNDPFL,HLA-B*42:01,79.0,14.796,5.339281,HLA-B
FQFCNDPFLDVYYH,FQFCNDPFLDH,HLA-B*42:01,59.722,53.889,1.108241,HLA-B
FQFCNDPFLDVYYH,FQFCNDPFLDH,HLA-B*42:01,59.722,53.889,1.108241,HLA-B
GGNYNYRYRLFRK,SGNYNYLYRLFRK,HLA-B*42:01,100.0,100.0,1.0,HLA-B
GGNYNYRYRLFRKSNLKPF,SGNYNYLYRLFRKSNLKPF,HLA-B*42:01,81.25,69.444,1.1700075,HLA-B
ISTEIYQAGSKPC,ISTEIYQAGNKPC,HLA-B*42:01,82.5,87.5,0.94285715,HLA-B
ISTEIYQAGSKPCN,ISTEIYQAGNKPCN,HLA-B*42:01,100.0,100.0,1.0,HLA-B
ISTEIYQAGSKPCNG,ISTEIYQAGNKPCNG,HLA-B*42:01,100.0,100.0,1.0,HLA-B
ISTEIYQAGSKPCNG,ISTEIYQAGNKPCNG,HLA-B*42:01,100.0,100.0,1.0,HLA-B
ISTEIYQAGSKPCNGVE,ISTEIYQAGNKPCNGVA,HLA-B*42:01,100.0,92.5,1.081081,HLA-B
KVGGNYNYRYRLFRKS,KVSGNYNYLYRLFRKS,HLA-B*42:01,97.5,100.0,0.975,HLA-B
NATNVVIKVCEFQFCNDPFLDVYY,NATNVVIKVCEFQFCNDPFL,HLA-B*42:01,100.0,95.0,1.0526316,HLA-B
RDISTEIYQAGSKPCNG,RDISTEIYQAGNKPCNG,HLA-B*42:01,100.0,100.0,1.0,HLA-B
RDISTEIYQAGSKPCNG,RDISTEIYQAGNKPCNG,HLA-B*42:01,100.0,100.0,1.0,HLA-B
RDISTEIYQAGSKPCNGVE,RDISTEIYQAGNKPCNGVA,HLA-B*42:01,97.5,90.0,1.0833334,HLA-B
RDISTEIYQAGSKPCNGVEG,RDISTEIYQAGNKPCNGVAG,HLA-B*42:01,100.0,100.0,1.0,HLA-B
SKVGGNYNYRYRLFRKS,SKVSGNYNYLYRLFRKS,HLA-B*42:01,97.5,97.5,1.0,HLA-B
STEIYQAGSKPCN,STEIYQAGNKPCN,HLA-B*42:01,97.5,100.0,0.975,HLA-B
STEIYQAGSKPCNG,STEIYQAGNKPCNG,HLA-B*42:01,100.0,100.0,1.0,HLA-B
TEIYQAGSKPCNG,TEIYQAGNKPCNG,HLA-B*42:01,97.5,97.5,1.0,HLA-B
VCEFQFCNDPFLDVYYH,VCEFQFCNDPFLDH,HLA-B*42:01,67.778,97.5,0.69515896,HLA-B
VGGNYNYRYRL,VSGNYNYLYRL,HLA-B*42:01,41.5,54.444,0.76225114,HLA-B
VGGNYNYRYRLFRK,VSGNYNYLYRLFRK,HLA-B*42:01,100.0,100.0,1.0,HLA-B
VGGNYNYRYRLFRKSN,VSGNYNYLYRLFRKSN,HLA-B*42:01,100.0,100.0,1.0,HLA-B
VGGNYNYRYRLFRKSNL,VSGNYNYLYRLFRKSNL,HLA-B*42:01,68.333,58.889,1.1603695,HLA-B
VGGNYNYRYRLFRKSNLKP,VSGNYNYLYRLFRKSNLKP,HLA-B*42:01,97.5,95.0,1.0263158,HLA-B
NVVNQNAQALNTLVKQLSSN,DVVNHNAQALNTLVKQLSSK,HLA-B*42:01,97.5,97.5,1.0,HLA-B
GKLQNVVNQNAQALNTLVK,GKLQDVVNHNAQALNTLVK,HLA-B*42:01,97.5,97.5,1.0,HLA-B
KLQNVVNQNAQALNTLV,KLQDVVNHNAQALNTLV,HLA-B*42:01,82.5,79.0,1.0443038,HLA-B
KSNLKPFERDISTEIYQAGSKP,KSNLKPFERDISTEIYQAGNKP,HLA-B*42:01,97.5,97.5,1.0,HLA-B
PFLDVYYH,PVLKGVKLH,HLA-B*42:01,40.733,59.167,0.6884412,HLA-B
PFLDVYYHK,PFLDHK,HLA-B*42:01,78.0,,,HLA-B
CNDPFLDVY,CNDPFL,HLA-B*42:01,33.441,,,HLA-B
LKPFERDISTEIYQAGSKPCNGVEGFNCYFPLQ,LKPFERDISTEIYQAGNKPCNGVAGFNCYFPLR,HLA-B*42:01,100.0,100.0,1.0,HLA-B
IYQAGSKPCNGVEGFNCYFP,IYQAGNKPCNGVAGFNCYFP,HLA-B*42:01,97.5,97.5,1.0,HLA-B
CEFQFCNDPFLDVYYHKNNK,CEFQFCNDPFLDHKNNK,HLA-B*42:01,100.0,95.0,1.0526316,HLA-B
DISTEIYQAGSKPC,DISTEIYQAGNKPC,HLA-B*42:01,85.0,90.0,0.9444444,HLA-B
DISTEIYQAGSKPCNG,DISTEIYQAGNKPCNG,HLA-B*42:01,100.0,100.0,1.0,HLA-B
EFQFCNDPFLDVYYH,EFQFCNDPFLDH,HLA-B*42:01,69.444,81.25,0.8546954,HLA-B
EIYQAGSK,EIYQAGNK,HLA-B*42:01,46.7,53.333,0.8756305,HLA-B
EIYQAGSKPCNGVEGFNCYF,EIYQAGNKPCNGVAGFNCYF,HLA-B*42:01,90.0,92.5,0.972973,HLA-B
ISTEIYQAGSKPCNG,ISTEIYQAGNKPCNG,HLA-B*42:01,100.0,100.0,1.0,HLA-B
KSNLKPFERDISTEIYQAGSKPC,KSNLKPFERDISTEIYQAGNKPC,HLA-B*42:01,97.5,97.5,1.0,HLA-B
KVGGNYNYRYRLFRK,KVSGNYNYLYRLFRK,HLA-B*42:01,97.5,97.5,1.0,HLA-B
RDISTEIYQAGSKPCNGVEG,RDISTEIYQAGNKPCNGVAG,HLA-B*42:01,100.0,100.0,1.0,HLA-B
DSKVGGNYNYRYRLFRK,DSKVSGNYNYLYRLFRK,HLA-B*42:01,97.5,95.0,1.0263158,HLA-B
IGAGICASYQTQTNSRR,IGAGICASYQTQTKSHR,HLA-B*42:01,97.5,95.0,1.0263158,HLA-B
LDVYYHKNNKSWMESGV,LDHKNNKSWMESEF,HLA-B*42:01,97.5,79.0,1.2341772,HLA-B
PFERDISTEIYQAGSKP,PFERDISTEIYQAGNKP,HLA-B*42:01,97.5,97.5,1.0,HLA-B
QFCNDPFLDVYYHKNNK,QFCNDPFLDHKNNK,HLA-B*42:01,92.5,97.5,0.94871795,HLA-B
SRRRARSVASQSIIAYT,SHRRARSVASQSIIAYT,HLA-B*42:01,83.75,82.5,1.0151515,HLA-B
TEIYQAGSKPCNGVEGF,TEIYQAGNKPCNGVAGF,HLA-B*42:01,30.149,24.226,1.2444894,HLA-B
VIKVCEFQFCNDPFLDV,VIKVCEFQFCNDPFLDH,HLA-B*42:01,85.0,90.0,0.9444444,HLA-B
VLYQGVNCTEVPVAIHA,VLYQGVNCTEVPVAIHA,HLA-B*42:01,77.0,77.0,1.0,HLA-B
FLDVYYHKNNKSWMESG,FLDHKNNKSWMESE,HLA-B*42:01,97.5,90.0,1.0833334,HLA-B
GGNYNYRYRLFRKSNLKPFERDI,SGNYNYLYRLFRKSNLKPFERDI,HLA-B*42:01,100.0,100.0,1.0,HLA-B
FQFCNDPFLDVYYHKNNK,FQFCNDPFLDHKNNK,HLA-B*42:01,87.5,82.5,1.060606,HLA-B
KVCEFQFCNDPFLDVYYHK,KVCEFQFCNDPFLDHK,HLA-B*42:01,97.5,97.5,1.0,HLA-B
LDSKVGGNYNYRYRLFRKS,LDSKVSGNYNYLYRLFRKS,HLA-B*42:01,100.0,100.0,1.0,HLA-B
QGVNCTEVPVAIHADQLTP,QGVNCTEVPVAIHADQLTP,HLA-B*42:01,97.5,97.5,1.0,HLA-B
GGNYNYRYRLFRKSNLKPFE,SGNYNYLYRLFRKSNLKPFE,HLA-B*42:01,100.0,97.5,1.0256411,HLA-B
GSKPCNGVEGFNCYFPLQSY,GNKPCNGVAGFNCYFPLRSY,HLA-B*42:01,71.429,71.429,1.0,HLA-B
WNSNNLDSKVGGNYNYRYRL,WNSNKLDSKVSGNYNYLYRL,HLA-B*42:01,97.5,97.5,1.0,HLA-B
IGAGICASYQTQTNSRRR,IGAGICASYQTQTKSHRR,HLA-B*42:01,97.5,95.0,1.0263158,HLA-B
NTSNQVAVLYQGVNCTEV,NTSNQVAVLYQGVNCTEV,HLA-B*42:01,90.0,90.0,1.0,HLA-B
SRRRARSVASQSIIAYTM,SHRRARSVASQSIIAYTM,HLA-B*42:01,37.857,34.097,1.1102736,HLA-B
EIYQAGSKPCNGV,EIYQAGNKPCNGV,HLA-B*42:01,55.0,57.778,0.95191944,HLA-B
LQNVVNQNAQALNTL,LQDVVNHNAQALNTL,HLA-B*44:03,70.0,58.75,1.1914893,HLA-B
VGGNYNYRYRLFRKS,VSGNYNYLYRLFRKS,HLA-B*44:03,100.0,100.0,1.0,HLA-B
AGCLIGAEHVNNSYECDIPIGAGICASYQTQTNSRRRARSVAS,AGCLIGAEYVNNSYECDIPIGAGICASYQTQTKSHRRARSVAS,HLA-B*44:03,100.0,100.0,1.0,HLA-B
FCNDPFLDVYY,FCNDPFL,HLA-B*44:03,13.589,,,HLA-B
KVCEFQFCNDPFLDVYYHKNNKSWMESGVYSSANNCTFEYV,KVCEFQFCNDPFLDHKNNKSWMESEFRVYSSANNCTFEYV,HLA-B*44:03,100.0,100.0,1.0,HLA-B
LPDDFTGCVIAWNSNNLDSKVGGNYNYRYRLFRKSNLKPFERD,LPDDFTGCVIAWNSNKLDSKVSGNYNYLYRLFRKSNLKPFERD,HLA-B*44:03,100.0,100.0,1.0,HLA-B
SYQTQTNSRRRARSVA,SYQTQTKSHRRARSVA,HLA-B*44:03,95.0,95.0,1.0,HLA-B
VLYQGVNCTEVPVAIHADQLTPTWRVYSTGSNVFQTRAGCLIG,VLYQGVNCTEVPVAIHADQLTPTWRVYSTGSNVFQTRAGCLIG,HLA-B*44:03,100.0,100.0,1.0,HLA-B
ERDISTEIYQAGSKPCNG,ERDISTEIYQAGNKPCNG,HLA-B*44:03,100.0,100.0,1.0,HLA-B
SYQTQTNSRRRARSVASQ,SYQTQTKSHRRARSVASQ,HLA-B*44:03,95.0,95.0,1.0,HLA-B
GGNYNYRYRLFRKSN,SGNYNYLYRLFRKSN,HLA-B*44:03,100.0,100.0,1.0,HLA-B
CEFQFCNDPFLDVYY,CEFQFCNDPFL,HLA-B*44:03,7.169,7.789,0.92040056,HLA-B
EIYQAGSKPCNGVEG,EIYQAGNKPCNGVAG,HLA-B*44:03,95.0,85.0,1.117647,HLA-B
GKLQNVVNQNAQALN,GKLQDVVNHNAQALN,HLA-B*44:03,100.0,100.0,1.0,HLA-B
LDSKVGGNYNYRYRL,LDSKVSGNYNYLYRL,HLA-B*44:03,75.0,75.0,1.0,HLA-B
LDVYYHKNNKSWMES,LDHKNNKSWMES,HLA-B*44:03,95.0,62.5,1.52,HLA-B
RDISTEIYQAGSKPC,RDISTEIYQAGNKPC,HLA-B*44:03,95.0,95.0,1.0,HLA-B
SRRRARSVA,SHRRARSVA,HLA-B*44:03,46.0,34.5,1.3333334,HLA-B
FQFCNDPFLDVYYHK,FQFCNDPFLDHK,HLA-B*44:03,80.0,46.0,1.7391304,HLA-B
DVYYHKNNK,HKNNK,HLA-B*44:03,27.125,,,HLA-B
STEIYQAGSKPCNGV,STEIYQAGNKPCNGV,HLA-B*44:03,95.0,95.0,1.0,HLA-B
SKPCNGVEGFNCYFP,NKPCNGVAGFNCYFP,HLA-B*44:03,95.0,100.0,0.95,HLA-B
YQAGSKPCNGVEGFN,YQAGNKPCNGVAGFN,HLA-B*44:03,85.0,85.0,1.0,HLA-B
KVGGNYNYRY,KVSGNYNYLY,HLA-B*44:03,19.111,11.564,1.6526288,HLA-B
QTNSRRRAR,QTKSHRRAR,HLA-B*44:03,23.933,30.571,0.7828662,HLA-B
SRRRARSV,SHRRARSV,HLA-B*44:03,45.5,39.5,1.1518987,HLA-B
VGGNYNYRY,VSGNYNYLY,HLA-B*44:03,14.378,7.411,1.9400891,HLA-B
YQGVNCTEV,YQGVNCTEV,HLA-B*44:03,21.1,21.1,1.0,HLA-B
CEFQFCNDPFLDVY,CEFQFCNDPFL,HLA-B*44:03,8.766,7.789,1.1254333,HLA-B
CEFQFCNDPFLDVYY,CEFQFCNDPFL,HLA-B*44:03,7.169,7.789,0.92040056,HLA-B
CEFQFCNDPFLDVYYH,CEFQFCNDPFLDH,HLA-B*44:03,33.5,19.926,1.6812204,HLA-B
CEFQFCNDPFLDVYYHK,CEFQFCNDPFLDHK,HLA-B*44:03,39.5,37.333,1.0580451,HLA-B
CEFQFCNDPFLDVYYHKN,CEFQFCNDPFLDHKN,HLA-B*44:03,70.0,75.0,0.93333334,HLA-B
DISTEIYQAGSKPC,DISTEIYQAGNKPC,HLA-B*44:03,100.0,100.0,1.0,HLA-B
DISTEIYQAGSKPCNG,DISTEIYQAGNKPCNG,HLA-B*44:03,100.0,100.0,1.0,HLA-B
DISTEIYQAGSKPCNG,DISTEIYQAGNKPCNG,HLA-B*44:03,100.0,100.0,1.0,HLA-B
DISTEIYQAGSKPCNGVE,DISTEIYQAGNKPCNGVA,HLA-B*44:03,100.0,100.0,1.0,HLA-B
DISTEIYQAGSKPCNGVEG,DISTEIYQAGNKPCNGVAG,HLA-B*44:03,100.0,100.0,1.0,HLA-B
NVVNQNAQALNTLVKQLSSNFG,DVVNHNAQALNTLVKQLSSKFG,HLA-B*44:03,100.0,100.0,1.0,HLA-B
EFQFCNDPFLDVY,EFQFCNDPFL,HLA-B*44:03,19.852,25.091,0.79120004,HLA-B
EFQFCNDPFLDVYY,EFQFCNDPFL,HLA-B*44:03,37.0,25.091,1.4746324,HLA-B
EFQFCNDPFLDVYY,EFQFCNDPFL,HLA-B*44:03,37.0,25.091,1.4746324,HLA-B
EFQFCNDPFLDVYYH,EFQFCNDPFLDH,HLA-B*44:03,85.0,45.5,1.8681319,HLA-B
EFQFCNDPFLDVYYH,EFQFCNDPFLDH,HLA-B*44:03,85.0,45.5,1.8681319,HLA-B
EFQFCNDPFLDVYYHK,EFQFCNDPFLDHK,HLA-B*44:03,95.0,67.5,1.4074074,HLA-B
EFQFCNDPFLDVYYHK,EFQFCNDPFLDHK,HLA-B*44:03,95.0,67.5,1.4074074,HLA-B
EFQFCNDPFLDVYYHKN,EFQFCNDPFLDHKN,HLA-B*44:03,95.0,95.0,1.0,HLA-B
EFQFCNDPFLDVYYHKN,EFQFCNDPFLDHKN,HLA-B*44:03,95.0,95.0,1.0,HLA-B
EIYQAGSKPCNGVE,EIYQAGNKPCNGVA,HLA-B*44:03,80.0,72.5,1.1034483,HLA-B
FCNDPFLDVY,FCNDPFL,HLA-B*44:03,9.887,,,HLA-B
FCNDPFLDVYY,FCNDPFL,HLA-B*44:03,13.589,,,HLA-B
FCNDPFLDVYYH,FCNDPFLDH,HLA-B*44:03,62.5,25.364,2.4641223,HLA-B
FCNDPFLDVYYH,FCNDPFLDH,HLA-B*44:03,62.5,25.364,2.4641223,HLA-B
FQFCNDPFLDVYY,FQFCNDPFL,HLA-B*44:03,25.273,11.282,2.240117,HLA-B
FQFCNDPFLDVYY,FQFCNDPFL,HLA-B*44:03,25.273,11.282,2.240117,HLA-B
FQFCNDPFLDVYYH,FQFCNDPFLDH,HLA-B*44:03,72.5,21.6,3.3564813,HLA-B
FQFCNDPFLDVYYH,FQFCNDPFLDH,HLA-B*44:03,72.5,21.6,3.3564813,HLA-B
GGNYNYRYRLFRK,SGNYNYLYRLFRK,HLA-B*44:03,100.0,95.0,1.0526316,HLA-B
GGNYNYRYRLFRKSNLKPF,SGNYNYLYRLFRKSNLKPF,HLA-B*44:03,80.0,70.0,1.1428572,HLA-B
ISTEIYQAGSKPC,ISTEIYQAGNKPC,HLA-B*44:03,100.0,100.0,1.0,HLA-B
ISTEIYQAGSKPCN,ISTEIYQAGNKPCN,HLA-B*44:03,100.0,100.0,1.0,HLA-B
ISTEIYQAGSKPCNG,ISTEIYQAGNKPCNG,HLA-B*44:03,100.0,100.0,1.0,HLA-B
ISTEIYQAGSKPCNG,ISTEIYQAGNKPCNG,HLA-B*44:03,100.0,100.0,1.0,HLA-B
ISTEIYQAGSKPCNGVE,ISTEIYQAGNKPCNGVA,HLA-B*44:03,100.0,100.0,1.0,HLA-B
KVGGNYNYRYRLFRKS,KVSGNYNYLYRLFRKS,HLA-B*44:03,95.0,95.0,1.0,HLA-B
NATNVVIKVCEFQFCNDPFLDVYY,NATNVVIKVCEFQFCNDPFL,HLA-B*44:03,95.0,95.0,1.0,HLA-B
RDISTEIYQAGSKPCNG,RDISTEIYQAGNKPCNG,HLA-B*44:03,100.0,100.0,1.0,HLA-B
RDISTEIYQAGSKPCNG,RDISTEIYQAGNKPCNG,HLA-B*44:03,100.0,100.0,1.0,HLA-B
RDISTEIYQAGSKPCNGVE,RDISTEIYQAGNKPCNGVA,HLA-B*44:03,100.0,95.0,1.0526316,HLA-B
RDISTEIYQAGSKPCNGVEG,RDISTEIYQAGNKPCNGVAG,HLA-B*44:03,100.0,100.0,1.0,HLA-B
SKVGGNYNYRYRLFRKS,SKVSGNYNYLYRLFRKS,HLA-B*44:03,95.0,85.0,1.117647,HLA-B
STEIYQAGSKPCN,STEIYQAGNKPCN,HLA-B*44:03,95.0,95.0,1.0,HLA-B
STEIYQAGSKPCNG,STEIYQAGNKPCNG,HLA-B*44:03,100.0,100.0,1.0,HLA-B
TEIYQAGSKPCNG,TEIYQAGNKPCNG,HLA-B*44:03,57.5,65.0,0.88461536,HLA-B
VCEFQFCNDPFLDVYYH,VCEFQFCNDPFLDH,HLA-B*44:03,85.0,95.0,0.8947368,HLA-B
VGGNYNYRYRL,VSGNYNYLYRL,HLA-B*44:03,70.0,65.0,1.0769231,HLA-B
VGGNYNYRYRLFRK,VSGNYNYLYRLFRK,HLA-B*44:03,100.0,100.0,1.0,HLA-B
VGGNYNYRYRLFRKSN,VSGNYNYLYRLFRKSN,HLA-B*44:03,100.0,100.0,1.0,HLA-B
VGGNYNYRYRLFRKSNL,VSGNYNYLYRLFRKSNL,HLA-B*44:03,95.0,95.0,1.0,HLA-B
VGGNYNYRYRLFRKSNLKP,VSGNYNYLYRLFRKSNLKP,HLA-B*44:03,100.0,100.0,1.0,HLA-B
NVVNQNAQALNTLVKQLSSN,DVVNHNAQALNTLVKQLSSK,HLA-B*44:03,100.0,100.0,1.0,HLA-B
GKLQNVVNQNAQALNTLVK,GKLQDVVNHNAQALNTLVK,HLA-B*44:03,80.0,75.0,1.0666667,HLA-B
KLQNVVNQNAQALNTLV,KLQDVVNHNAQALNTLV,HLA-B*44:03,85.0,75.0,1.1333333,HLA-B
KSNLKPFERDISTEIYQAGSKP,KSNLKPFERDISTEIYQAGNKP,HLA-B*44:03,100.0,100.0,1.0,HLA-B
PFLDVYYH,PVLKGVKLH,HLA-B*44:03,70.0,42.0,1.6666666,HLA-B
PFLDVYYHK,PFLDHK,HLA-B*44:03,34.5,,,HLA-B
CNDPFLDVY,CNDPFL,HLA-B*44:03,7.447,,,HLA-B
LKPFERDISTEIYQAGSKPCNGVEGFNCYFPLQ,LKPFERDISTEIYQAGNKPCNGVAGFNCYFPLR,HLA-B*44:03,100.0,100.0,1.0,HLA-B
IYQAGSKPCNGVEGFNCYFP,IYQAGNKPCNGVAGFNCYFP,HLA-B*44:03,95.0,95.0,1.0,HLA-B
CEFQFCNDPFLDVYYHKNNK,CEFQFCNDPFLDHKNNK,HLA-B*44:03,85.0,34.5,2.463768,HLA-B
DISTEIYQAGSKPC,DISTEIYQAGNKPC,HLA-B*44:03,100.0,100.0,1.0,HLA-B
DISTEIYQAGSKPCNG,DISTEIYQAGNKPCNG,HLA-B*44:03,100.0,100.0,1.0,HLA-B
EFQFCNDPFLDVYYH,EFQFCNDPFLDH,HLA-B*44:03,85.0,45.5,1.8681319,HLA-B
EIYQAGSK,EIYQAGNK,HLA-B*44:03,35.5,39.5,0.89873415,HLA-B
EIYQAGSKPCNGVEGFNCYF,EIYQAGNKPCNGVAGFNCYF,HLA-B*44:03,85.0,85.0,1.0,HLA-B
ISTEIYQAGSKPCNG,ISTEIYQAGNKPCNG,HLA-B*44:03,100.0,100.0,1.0,HLA-B
KSNLKPFERDISTEIYQAGSKPC,KSNLKPFERDISTEIYQAGNKPC,HLA-B*44:03,100.0,100.0,1.0,HLA-B
KVGGNYNYRYRLFRK,KVSGNYNYLYRLFRK,HLA-B*44:03,100.0,95.0,1.0526316,HLA-B
RDISTEIYQAGSKPCNGVEG,RDISTEIYQAGNKPCNGVAG,HLA-B*44:03,100.0,100.0,1.0,HLA-B
DSKVGGNYNYRYRLFRK,DSKVSGNYNYLYRLFRK,HLA-B*44:03,95.0,95.0,1.0,HLA-B
IGAGICASYQTQTNSRR,IGAGICASYQTQTKSHR,HLA-B*44:03,85.0,95.0,0.8947368,HLA-B
LDVYYHKNNKSWMESGV,LDHKNNKSWMESEF,HLA-B*44:03,100.0,47.0,2.1276596,HLA-B
PFERDISTEIYQAGSKP,PFERDISTEIYQAGNKP,HLA-B*44:03,85.0,85.0,1.0,HLA-B
QFCNDPFLDVYYHKNNK,QFCNDPFLDHKNNK,HLA-B*44:03,85.0,85.0,1.0,HLA-B
SRRRARSVASQSIIAYT,SHRRARSVASQSIIAYT,HLA-B*44:03,75.0,75.0,1.0,HLA-B
TEIYQAGSKPCNGVEGF,TEIYQAGNKPCNGVAGF,HLA-B*44:03,2.984,3.298,0.90479076,HLA-B
VIKVCEFQFCNDPFLDV,VIKVCEFQFCNDPFLDH,HLA-B*44:03,80.0,95.0,0.84210527,HLA-B
VLYQGVNCTEVPVAIHA,VLYQGVNCTEVPVAIHA,HLA-B*44:03,30.143,30.143,1.0,HLA-B
FLDVYYHKNNKSWMESG,FLDHKNNKSWMESE,HLA-B*44:03,95.0,95.0,1.0,HLA-B
GGNYNYRYRLFRKSNLKPFERDI,SGNYNYLYRLFRKSNLKPFERDI,HLA-B*44:03,100.0,100.0,1.0,HLA-B
FQFCNDPFLDVYYHKNNK,FQFCNDPFLDHKNNK,HLA-B*44:03,95.0,67.5,1.4074074,HLA-B
KVCEFQFCNDPFLDVYYHK,KVCEFQFCNDPFLDHK,HLA-B*44:03,80.0,72.5,1.1034483,HLA-B
LDSKVGGNYNYRYRLFRKS,LDSKVSGNYNYLYRLFRKS,HLA-B*44:03,100.0,100.0,1.0,HLA-B
QGVNCTEVPVAIHADQLTP,QGVNCTEVPVAIHADQLTP,HLA-B*44:03,95.0,95.0,1.0,HLA-B
GGNYNYRYRLFRKSNLKPFE,SGNYNYLYRLFRKSNLKPFE,HLA-B*44:03,100.0,100.0,1.0,HLA-B
GSKPCNGVEGFNCYFPLQSY,GNKPCNGVAGFNCYFPLRSY,HLA-B*44:03,62.5,75.0,0.8333333,HLA-B
WNSNNLDSKVGGNYNYRYRL,WNSNKLDSKVSGNYNYLYRL,HLA-B*44:03,100.0,100.0,1.0,HLA-B
IGAGICASYQTQTNSRRR,IGAGICASYQTQTKSHRR,HLA-B*44:03,95.0,85.0,1.117647,HLA-B
NTSNQVAVLYQGVNCTEV,NTSNQVAVLYQGVNCTEV,HLA-B*44:03,100.0,100.0,1.0,HLA-B
SRRRARSVASQSIIAYTM,SHRRARSVASQSIIAYTM,HLA-B*44:03,52.5,43.0,1.2209302,HLA-B
EIYQAGSKPCNGV,EIYQAGNKPCNGV,HLA-B*44:03,70.0,65.0,1.0769231,HLA-B
LQNVVNQNAQALNTL,LQDVVNHNAQALNTL,HLA-B*15:03,24.295,26.724,0.90910786,HLA-B
VGGNYNYRYRLFRKS,VSGNYNYLYRLFRKS,HLA-B*15:03,100.0,95.0,1.0526316,HLA-B
AGCLIGAEHVNNSYECDIPIGAGICASYQTQTNSRRRARSVAS,AGCLIGAEYVNNSYECDIPIGAGICASYQTQTKSHRRARSVAS,HLA-B*15:03,100.0,100.0,1.0,HLA-B
FCNDPFLDVYY,FCNDPFL,HLA-B*15:03,10.871,,,HLA-B
KVCEFQFCNDPFLDVYYHKNNKSWMESGVYSSANNCTFEYV,KVCEFQFCNDPFLDHKNNKSWMESEFRVYSSANNCTFEYV,HLA-B*15:03,100.0,100.0,1.0,HLA-B
LPDDFTGCVIAWNSNNLDSKVGGNYNYRYRLFRKSNLKPFERD,LPDDFTGCVIAWNSNKLDSKVSGNYNYLYRLFRKSNLKPFERD,HLA-B*15:03,100.0,100.0,1.0,HLA-B
SYQTQTNSRRRARSVA,SYQTQTKSHRRARSVA,HLA-B*15:03,82.5,75.0,1.1,HLA-B
VLYQGVNCTEVPVAIHADQLTPTWRVYSTGSNVFQTRAGCLIG,VLYQGVNCTEVPVAIHADQLTPTWRVYSTGSNVFQTRAGCLIG,HLA-B*15:03,100.0,100.0,1.0,HLA-B
ERDISTEIYQAGSKPCNG,ERDISTEIYQAGNKPCNG,HLA-B*15:03,100.0,100.0,1.0,HLA-B
SYQTQTNSRRRARSVASQ,SYQTQTKSHRRARSVASQ,HLA-B*15:03,90.0,90.0,1.0,HLA-B
GGNYNYRYRLFRKSN,SGNYNYLYRLFRKSN,HLA-B*15:03,100.0,100.0,1.0,HLA-B
CEFQFCNDPFLDVYY,CEFQFCNDPFL,HLA-B*15:03,34.048,28.071,1.2129244,HLA-B
EIYQAGSKPCNGVEG,EIYQAGNKPCNGVAG,HLA-B*15:03,100.0,100.0,1.0,HLA-B
GKLQNVVNQNAQALN,GKLQDVVNHNAQALN,HLA-B*15:03,95.0,100.0,0.95,HLA-B
LDSKVGGNYNYRYRL,LDSKVSGNYNYLYRL,HLA-B*15:03,80.0,90.0,0.8888889,HLA-B
LDVYYHKNNKSWMES,LDHKNNKSWMES,HLA-B*15:03,100.0,100.0,1.0,HLA-B
RDISTEIYQAGSKPC,RDISTEIYQAGNKPC,HLA-B*15:03,100.0,100.0,1.0,HLA-B
SRRRARSVA,SHRRARSVA,HLA-B*15:03,9.513,5.587,1.7027026,HLA-B
FQFCNDPFLDVYYHK,FQFCNDPFLDHK,HLA-B*15:03,51.667,37.143,1.3910292,HLA-B
DVYYHKNNK,HKNNK,HLA-B*15:03,28.81,,,HLA-B
STEIYQAGSKPCNGV,STEIYQAGNKPCNGV,HLA-B*15:03,100.0,100.0,1.0,HLA-B
SKPCNGVEGFNCYFP,NKPCNGVAGFNCYFP,HLA-B*15:03,90.0,100.0,0.9,HLA-B
YQAGSKPCNGVEGFN,YQAGNKPCNGVAGFN,HLA-B*15:03,56.538,58.077,0.97350067,HLA-B
KVGGNYNYRY,KVSGNYNYLY,HLA-B*15:03,13.393,6.351,2.1088018,HLA-B
QTNSRRRAR,QTKSHRRAR,HLA-B*15:03,33.435,28.405,1.1770815,HLA-B
SRRRARSV,SHRRARSV,HLA-B*15:03,23.34,9.27,2.5177991,HLA-B
VGGNYNYRY,VSGNYNYLY,HLA-B*15:03,7.041,5.004,1.4070742,HLA-B
YQGVNCTEV,YQGVNCTEV,HLA-B*15:03,9.211,9.211,1.0,HLA-B
CEFQFCNDPFLDVY,CEFQFCNDPFL,HLA-B*15:03,23.649,28.071,0.8424709,HLA-B
CEFQFCNDPFLDVYY,CEFQFCNDPFL,HLA-B*15:03,34.048,28.071,1.2129244,HLA-B
CEFQFCNDPFLDVYYH,CEFQFCNDPFLDH,HLA-B*15:03,71.25,35.947,1.9820849,HLA-B
CEFQFCNDPFLDVYYHK,CEFQFCNDPFLDHK,HLA-B*15:03,85.0,90.0,0.9444444,HLA-B
CEFQFCNDPFLDVYYHKN,CEFQFCNDPFLDHKN,HLA-B*15:03,95.0,100.0,0.95,HLA-B
DISTEIYQAGSKPC,DISTEIYQAGNKPC,HLA-B*15:03,100.0,100.0,1.0,HLA-B
DISTEIYQAGSKPCNG,DISTEIYQAGNKPCNG,HLA-B*15:03,100.0,100.0,1.0,HLA-B
DISTEIYQAGSKPCNG,DISTEIYQAGNKPCNG,HLA-B*15:03,100.0,100.0,1.0,HLA-B
DISTEIYQAGSKPCNGVE,DISTEIYQAGNKPCNGVA,HLA-B*15:03,100.0,100.0,1.0,HLA-B
DISTEIYQAGSKPCNGVEG,DISTEIYQAGNKPCNGVAG,HLA-B*15:03,100.0,100.0,1.0,HLA-B
NVVNQNAQALNTLVKQLSSNFG,DVVNHNAQALNTLVKQLSSKFG,HLA-B*15:03,100.0,100.0,1.0,HLA-B
EFQFCNDPFLDVY,EFQFCNDPFL,HLA-B*15:03,16.178,29.625,0.5460928,HLA-B
EFQFCNDPFLDVYY,EFQFCNDPFL,HLA-B*15:03,34.762,29.625,1.1734009,HLA-B
EFQFCNDPFLDVYY,EFQFCNDPFL,HLA-B*15:03,34.762,29.625,1.1734009,HLA-B
EFQFCNDPFLDVYYH,EFQFCNDPFLDH,HLA-B*15:03,80.0,35.684,2.2419012,HLA-B
EFQFCNDPFLDVYYH,EFQFCNDPFLDH,HLA-B*15:03,80.0,35.684,2.2419012,HLA-B
EFQFCNDPFLDVYYHK,EFQFCNDPFLDHK,HLA-B*15:03,95.0,90.0,1.0555556,HLA-B
EFQFCNDPFLDVYYHK,EFQFCNDPFLDHK,HLA-B*15:03,95.0,90.0,1.0555556,HLA-B
EFQFCNDPFLDVYYHKN,EFQFCNDPFLDHKN,HLA-B*15:03,100.0,100.0,1.0,HLA-B
EFQFCNDPFLDVYYHKN,EFQFCNDPFLDHKN,HLA-B*15:03,100.0,100.0,1.0,HLA-B
EIYQAGSKPCNGVE,EIYQAGNKPCNGVA,HLA-B*15:03,100.0,95.0,1.0526316,HLA-B
FCNDPFLDVY,FCNDPFL,HLA-B*15:03,4.609,,,HLA-B
FCNDPFLDVYY,FCNDPFL,HLA-B*15:03,10.871,,,HLA-B
FCNDPFLDVYYH,FCNDPFLDH,HLA-B*15:03,50.556,7.488,6.7516026,HLA-B
FCNDPFLDVYYH,FCNDPFLDH,HLA-B*15:03,50.556,7.488,6.7516026,HLA-B
FQFCNDPFLDVYY,FQFCNDPFL,HLA-B*15:03,6.641,1.84,3.6092389,HLA-B
FQFCNDPFLDVYY,FQFCNDPFL,HLA-B*15:03,6.641,1.84,3.6092389,HLA-B
FQFCNDPFLDVYYH,FQFCNDPFLDH,HLA-B*15:03,31.414,4.447,7.064088,HLA-B
FQFCNDPFLDVYYH,FQFCNDPFLDH,HLA-B*15:03,31.414,4.447,7.064088,HLA-B
GGNYNYRYRLFRK,SGNYNYLYRLFRK,HLA-B*15:03,95.0,90.0,1.0555556,HLA-B
GGNYNYRYRLFRKSNLKPF,SGNYNYLYRLFRKSNLKPF,HLA-B*15:03,42.778,28.19,1.5174885,HLA-B
ISTEIYQAGSKPC,ISTEIYQAGNKPC,HLA-B*15:03,95.0,95.0,1.0,HLA-B
ISTEIYQAGSKPCN,ISTEIYQAGNKPCN,HLA-B*15:03,100.0,100.0,1.0,HLA-B
ISTEIYQAGSKPCNG,ISTEIYQAGNKPCNG,HLA-B*15:03,100.0,100.0,1.0,HLA-B
ISTEIYQAGSKPCNG,ISTEIYQAGNKPCNG,HLA-B*15:03,100.0,100.0,1.0,HLA-B
ISTEIYQAGSKPCNGVE,ISTEIYQAGNKPCNGVA,HLA-B*15:03,100.0,95.0,1.0526316,HLA-B
KVGGNYNYRYRLFRKS,KVSGNYNYLYRLFRKS,HLA-B*15:03,90.0,85.0,1.0588236,HLA-B
NATNVVIKVCEFQFCNDPFLDVYY,NATNVVIKVCEFQFCNDPFL,HLA-B*15:03,80.0,95.0,0.84210527,HLA-B
RDISTEIYQAGSKPCNG,RDISTEIYQAGNKPCNG,HLA-B*15:03,100.0,100.0,1.0,HLA-B
RDISTEIYQAGSKPCNG,RDISTEIYQAGNKPCNG,HLA-B*15:03,100.0,100.0,1.0,HLA-B
RDISTEIYQAGSKPCNGVE,RDISTEIYQAGNKPCNGVA,HLA-B*15:03,95.0,95.0,1.0,HLA-B
RDISTEIYQAGSKPCNGVEG,RDISTEIYQAGNKPCNGVAG,HLA-B*15:03,100.0,100.0,1.0,HLA-B
SKVGGNYNYRYRLFRKS,SKVSGNYNYLYRLFRKS,HLA-B*15:03,95.0,82.5,1.1515151,HLA-B
STEIYQAGSKPCN,STEIYQAGNKPCN,HLA-B*15:03,95.0,95.0,1.0,HLA-B
STEIYQAGSKPCNG,STEIYQAGNKPCNG,HLA-B*15:03,100.0,100.0,1.0,HLA-B
TEIYQAGSKPCNG,TEIYQAGNKPCNG,HLA-B*15:03,100.0,100.0,1.0,HLA-B
VCEFQFCNDPFLDVYYH,VCEFQFCNDPFLDH,HLA-B*15:03,90.0,82.5,1.0909091,HLA-B
VGGNYNYRYRL,VSGNYNYLYRL,HLA-B*15:03,38.143,37.071,1.0289176,HLA-B
VGGNYNYRYRLFRK,VSGNYNYLYRLFRK,HLA-B*15:03,95.0,95.0,1.0,HLA-B
VGGNYNYRYRLFRKSN,VSGNYNYLYRLFRKSN,HLA-B*15:03,100.0,100.0,1.0,HLA-B
VGGNYNYRYRLFRKSNL,VSGNYNYLYRLFRKSNL,HLA-B*15:03,78.333,75.0,1.04444,HLA-B
VGGNYNYRYRLFRKSNLKP,VSGNYNYLYRLFRKSNLKP,HLA-B*15:03,95.0,95.0,1.0,HLA-B
NVVNQNAQALNTLVKQLSSN,DVVNHNAQALNTLVKQLSSK,HLA-B*15:03,100.0,100.0,1.0,HLA-B
GKLQNVVNQNAQALNTLVK,GKLQDVVNHNAQALNTLVK,HLA-B*15:03,62.222,61.667,1.009,HLA-B
KLQNVVNQNAQALNTLV,KLQDVVNHNAQALNTLV,HLA-B*15:03,85.0,78.333,1.085111,HLA-B
KSNLKPFERDISTEIYQAGSKP,KSNLKPFERDISTEIYQAGNKP,HLA-B*15:03,95.0,95.0,1.0,HLA-B
PFLDVYYH,PVLKGVKLH,HLA-B*15:03,62.222,30.853,2.0167243,HLA-B
PFLDVYYHK,PFLDHK,HLA-B*15:03,76.667,,,HLA-B
CNDPFLDVY,CNDPFL,HLA-B*15:03,6.778,,,HLA-B
LKPFERDISTEIYQAGSKPCNGVEGFNCYFPLQ,LKPFERDISTEIYQAGNKPCNGVAGFNCYFPLR,HLA-B*15:03,100.0,100.0,1.0,HLA-B
IYQAGSKPCNGVEGFNCYFP,IYQAGNKPCNGVAGFNCYFP,HLA-B*15:03,95.0,95.0,1.0,HLA-B
CEFQFCNDPFLDVYYHKNNK,CEFQFCNDPFLDHKNNK,HLA-B*15:03,95.0,73.75,1.2881356,HLA-B
DISTEIYQAGSKPC,DISTEIYQAGNKPC,HLA-B*15:03,100.0,100.0,1.0,HLA-B
DISTEIYQAGSKPCNG,DISTEIYQAGNKPCNG,HLA-B*15:03,100.0,100.0,1.0,HLA-B
EFQFCNDPFLDVYYH,EFQFCNDPFLDH,HLA-B*15:03,80.0,35.684,2.2419012,HLA-B
EIYQAGSK,EIYQAGNK,HLA-B*15:03,47.833,57.308,0.83466536,HLA-B
EIYQAGSKPCNGVEGFNCYF,EIYQAGNKPCNGVAGFNCYF,HLA-B*15:03,60.556,67.5,0.8971259,HLA-B
ISTEIYQAGSKPCNG,ISTEIYQAGNKPCNG,HLA-B*15:03,100.0,100.0,1.0,HLA-B
KSNLKPFERDISTEIYQAGSKPC,KSNLKPFERDISTEIYQAGNKPC,HLA-B*15:03,100.0,100.0,1.0,HLA-B
KVGGNYNYRYRLFRK,KVSGNYNYLYRLFRK,HLA-B*15:03,95.0,90.0,1.0555556,HLA-B
RDISTEIYQAGSKPCNGVEG,RDISTEIYQAGNKPCNGVAG,HLA-B*15:03,100.0,100.0,1.0,HLA-B
DSKVGGNYNYRYRLFRK,DSKVSGNYNYLYRLFRK,HLA-B*15:03,95.0,95.0,1.0,HLA-B
IGAGICASYQTQTNSRR,IGAGICASYQTQTKSHR,HLA-B*15:03,82.5,82.5,1.0,HLA-B
LDVYYHKNNKSWMESGV,LDHKNNKSWMESEF,HLA-B*15:03,100.0,45.714,2.1875136,HLA-B
PFERDISTEIYQAGSKP,PFERDISTEIYQAGNKP,HLA-B*15:03,100.0,100.0,1.0,HLA-B
QFCNDPFLDVYYHKNNK,QFCNDPFLDHKNNK,HLA-B*15:03,90.0,95.0,0.94736844,HLA-B
SRRRARSVASQSIIAYT,SHRRARSVASQSIIAYT,HLA-B*15:03,40.1,28.738,1.3953649,HLA-B
TEIYQAGSKPCNGVEGF,TEIYQAGNKPCNGVAGF,HLA-B*15:03,27.837,31.897,0.8727153,HLA-B
VIKVCEFQFCNDPFLDV,VIKVCEFQFCNDPFLDH,HLA-B*15:03,90.0,66.667,1.3499932,HLA-B
VLYQGVNCTEVPVAIHA,VLYQGVNCTEVPVAIHA,HLA-B*15:03,60.556,60.556,1.0,HLA-B
FLDVYYHKNNKSWMESG,FLDHKNNKSWMESE,HLA-B*15:03,100.0,90.0,1.1111112,HLA-B
GGNYNYRYRLFRKSNLKPFERDI,SGNYNYLYRLFRKSNLKPFERDI,HLA-B*15:03,100.0,100.0,1.0,HLA-B
FQFCNDPFLDVYYHKNNK,FQFCNDPFLDHKNNK,HLA-B*15:03,63.889,48.4,1.3200207,HLA-B
KVCEFQFCNDPFLDVYYHK,KVCEFQFCNDPFLDHK,HLA-B*15:03,85.0,82.5,1.030303,HLA-B
LDSKVGGNYNYRYRLFRKS,LDSKVSGNYNYLYRLFRKS,HLA-B*15:03,100.0,100.0,1.0,HLA-B
QGVNCTEVPVAIHADQLTP,QGVNCTEVPVAIHADQLTP,HLA-B*15:03,100.0,100.0,1.0,HLA-B
GGNYNYRYRLFRKSNLKPFE,SGNYNYLYRLFRKSNLKPFE,HLA-B*15:03,95.0,76.667,1.239125,HLA-B
GSKPCNGVEGFNCYFPLQSY,GNKPCNGVAGFNCYFPLRSY,HLA-B*15:03,24.821,59.615,0.41635492,HLA-B
WNSNNLDSKVGGNYNYRYRL,WNSNKLDSKVSGNYNYLYRL,HLA-B*15:03,100.0,100.0,1.0,HLA-B
IGAGICASYQTQTNSRRR,IGAGICASYQTQTKSHRR,HLA-B*15:03,95.0,90.0,1.0555556,HLA-B
NTSNQVAVLYQGVNCTEV,NTSNQVAVLYQGVNCTEV,HLA-B*15:03,100.0,100.0,1.0,HLA-B
SRRRARSVASQSIIAYTM,SHRRARSVASQSIIAYTM,HLA-B*15:03,29.325,23.351,1.2558349,HLA-B
EIYQAGSKPCNGV,EIYQAGNKPCNGV,HLA-B*15:03,90.0,90.0,1.0,HLA-B
LQNVVNQNAQALNTL,LQDVVNHNAQALNTL,HLA-B*58:02,70.0,70.0,1.0,HLA-B
VGGNYNYRYRLFRKS,VSGNYNYLYRLFRKS,HLA-B*58:02,100.0,100.0,1.0,HLA-B
AGCLIGAEHVNNSYECDIPIGAGICASYQTQTNSRRRARSVAS,AGCLIGAEYVNNSYECDIPIGAGICASYQTQTKSHRRARSVAS,HLA-B*58:02,100.0,100.0,1.0,HLA-B
FCNDPFLDVYY,FCNDPFL,HLA-B*58:02,6.798,,,HLA-B
KVCEFQFCNDPFLDVYYHKNNKSWMESGVYSSANNCTFEYV,KVCEFQFCNDPFLDHKNNKSWMESEFRVYSSANNCTFEYV,HLA-B*58:02,100.0,100.0,1.0,HLA-B
LPDDFTGCVIAWNSNNLDSKVGGNYNYRYRLFRKSNLKPFERD,LPDDFTGCVIAWNSNKLDSKVSGNYNYLYRLFRKSNLKPFERD,HLA-B*58:02,100.0,100.0,1.0,HLA-B
SYQTQTNSRRRARSVA,SYQTQTKSHRRARSVA,HLA-B*58:02,90.0,90.0,1.0,HLA-B
VLYQGVNCTEVPVAIHADQLTPTWRVYSTGSNVFQTRAGCLIG,VLYQGVNCTEVPVAIHADQLTPTWRVYSTGSNVFQTRAGCLIG,HLA-B*58:02,100.0,100.0,1.0,HLA-B
ERDISTEIYQAGSKPCNG,ERDISTEIYQAGNKPCNG,HLA-B*58:02,100.0,100.0,1.0,HLA-B
SYQTQTNSRRRARSVASQ,SYQTQTKSHRRARSVASQ,HLA-B*58:02,90.0,90.0,1.0,HLA-B
GGNYNYRYRLFRKSN,SGNYNYLYRLFRKSN,HLA-B*58:02,100.0,100.0,1.0,HLA-B
CEFQFCNDPFLDVYY,CEFQFCNDPFL,HLA-B*58:02,90.0,36.0,2.5,HLA-B
EIYQAGSKPCNGVEG,EIYQAGNKPCNGVAG,HLA-B*58:02,100.0,100.0,1.0,HLA-B
GKLQNVVNQNAQALN,GKLQDVVNHNAQALN,HLA-B*58:02,100.0,100.0,1.0,HLA-B
LDSKVGGNYNYRYRL,LDSKVSGNYNYLYRL,HLA-B*58:02,80.0,90.0,0.8888889,HLA-B
LDVYYHKNNKSWMES,LDHKNNKSWMES,HLA-B*58:02,100.0,80.0,1.25,HLA-B
RDISTEIYQAGSKPC,RDISTEIYQAGNKPC,HLA-B*58:02,90.0,90.0,1.0,HLA-B
SRRRARSVA,SHRRARSVA,HLA-B*58:02,75.0,53.333,1.4062588,HLA-B
FQFCNDPFLDVYYHK,FQFCNDPFLDHK,HLA-B*58:02,90.0,62.5,1.44,HLA-B
DVYYHKNNK,HKNNK,HLA-B*58:02,36.0,,,HLA-B
STEIYQAGSKPCNGV,STEIYQAGNKPCNGV,HLA-B*58:02,90.0,90.0,1.0,HLA-B
SKPCNGVEGFNCYFP,NKPCNGVAGFNCYFP,HLA-B*58:02,100.0,100.0,1.0,HLA-B
YQAGSKPCNGVEGFN,YQAGNKPCNGVAGFN,HLA-B*58:02,80.0,90.0,0.8888889,HLA-B
KVGGNYNYRY,KVSGNYNYLY,HLA-B*58:02,4.133,1.148,3.6001742,HLA-B
QTNSRRRAR,QTKSHRRAR,HLA-B*58:02,10.029,11.588,0.86546427,HLA-B
SRRRARSV,SHRRARSV,HLA-B*58:02,50.0,37.0,1.3513514,HLA-B
VGGNYNYRY,VSGNYNYLY,HLA-B*58:02,3.887,0.497,7.8209257,HLA-B
YQGVNCTEV,YQGVNCTEV,HLA-B*58:02,53.333,53.333,1.0,HLA-B
CEFQFCNDPFLDVY,CEFQFCNDPFL,HLA-B*58:02,70.0,36.0,1.9444444,HLA-B
CEFQFCNDPFLDVYY,CEFQFCNDPFL,HLA-B*58:02,90.0,36.0,2.5,HLA-B
CEFQFCNDPFLDVYYH,CEFQFCNDPFLDH,HLA-B*58:02,100.0,90.0,1.1111112,HLA-B
CEFQFCNDPFLDVYYHK,CEFQFCNDPFLDHK,HLA-B*58:02,100.0,100.0,1.0,HLA-B
CEFQFCNDPFLDVYYHKN,CEFQFCNDPFLDHKN,HLA-B*58:02,100.0,100.0,1.0,HLA-B
DISTEIYQAGSKPC,DISTEIYQAGNKPC,HLA-B*58:02,100.0,100.0,1.0,HLA-B
DISTEIYQAGSKPCNG,DISTEIYQAGNKPCNG,HLA-B*58:02,100.0,100.0,1.0,HLA-B
DISTEIYQAGSKPCNG,DISTEIYQAGNKPCNG,HLA-B*58:02,100.0,100.0,1.0,HLA-B
DISTEIYQAGSKPCNGVE,DISTEIYQAGNKPCNGVA,HLA-B*58:02,100.0,100.0,1.0,HLA-B
DISTEIYQAGSKPCNGVEG,DISTEIYQAGNKPCNGVAG,HLA-B*58:02,100.0,100.0,1.0,HLA-B
NVVNQNAQALNTLVKQLSSNFG,DVVNHNAQALNTLVKQLSSKFG,HLA-B*58:02,100.0,100.0,1.0,HLA-B
EFQFCNDPFLDVY,EFQFCNDPFL,HLA-B*58:02,41.0,53.333,0.7687548,HLA-B
EFQFCNDPFLDVYY,EFQFCNDPFL,HLA-B*58:02,80.0,53.333,1.5000094,HLA-B
EFQFCNDPFLDVYY,EFQFCNDPFL,HLA-B*58:02,80.0,53.333,1.5000094,HLA-B
EFQFCNDPFLDVYYH,EFQFCNDPFLDH,HLA-B*58:02,90.0,65.0,1.3846154,HLA-B
EFQFCNDPFLDVYYH,EFQFCNDPFLDH,HLA-B*58:02,90.0,65.0,1.3846154,HLA-B
EFQFCNDPFLDVYYHK,EFQFCNDPFLDHK,HLA-B*58:02,90.0,90.0,1.0,HLA-B
EFQFCNDPFLDVYYHK,EFQFCNDPFLDHK,HLA-B*58:02,90.0,90.0,1.0,HLA-B
EFQFCNDPFLDVYYHKN,EFQFCNDPFLDHKN,HLA-B*58:02,100.0,100.0,1.0,HLA-B
EFQFCNDPFLDVYYHKN,EFQFCNDPFLDHKN,HLA-B*58:02,100.0,100.0,1.0,HLA-B
EIYQAGSKPCNGVE,EIYQAGNKPCNGVA,HLA-B*58:02,100.0,90.0,1.1111112,HLA-B
FCNDPFLDVY,FCNDPFL,HLA-B*58:02,4.546,,,HLA-B
FCNDPFLDVYY,FCNDPFL,HLA-B*58:02,6.798,,,HLA-B
FCNDPFLDVYYH,FCNDPFLDH,HLA-B*58:02,48.0,15.773,3.043175,HLA-B
FCNDPFLDVYYH,FCNDPFLDH,HLA-B*58:02,48.0,15.773,3.043175,HLA-B
FQFCNDPFLDVYY,FQFCNDPFL,HLA-B*58:02,29.75,16.75,1.7761194,HLA-B
FQFCNDPFLDVYY,FQFCNDPFL,HLA-B*58:02,29.75,16.75,1.7761194,HLA-B
FQFCNDPFLDVYYH,FQFCNDPFLDH,HLA-B*58:02,70.0,38.5,1.8181819,HLA-B
FQFCNDPFLDVYYH,FQFCNDPFLDH,HLA-B*58:02,70.0,38.5,1.8181819,HLA-B
GGNYNYRYRLFRK,SGNYNYLYRLFRK,HLA-B*58:02,80.0,70.0,1.1428572,HLA-B
GGNYNYRYRLFRKSNLKPF,SGNYNYLYRLFRKSNLKPF,HLA-B*58:02,80.0,60.0,1.3333334,HLA-B
ISTEIYQAGSKPC,ISTEIYQAGNKPC,HLA-B*58:02,70.0,70.0,1.0,HLA-B
ISTEIYQAGSKPCN,ISTEIYQAGNKPCN,HLA-B*58:02,100.0,100.0,1.0,HLA-B
ISTEIYQAGSKPCNG,ISTEIYQAGNKPCNG,HLA-B*58:02,100.0,100.0,1.0,HLA-B
ISTEIYQAGSKPCNG,ISTEIYQAGNKPCNG,HLA-B*58:02,100.0,100.0,1.0,HLA-B
ISTEIYQAGSKPCNGVE,ISTEIYQAGNKPCNGVA,HLA-B*58:02,100.0,80.0,1.25,HLA-B
KVGGNYNYRYRLFRKS,KVSGNYNYLYRLFRKS,HLA-B*58:02,90.0,90.0,1.0,HLA-B
NATNVVIKVCEFQFCNDPFLDVYY,NATNVVIKVCEFQFCNDPFL,HLA-B*58:02,100.0,100.0,1.0,HLA-B
RDISTEIYQAGSKPCNG,RDISTEIYQAGNKPCNG,HLA-B*58:02,100.0,100.0,1.0,HLA-B
RDISTEIYQAGSKPCNG,RDISTEIYQAGNKPCNG,HLA-B*58:02,100.0,100.0,1.0,HLA-B
RDISTEIYQAGSKPCNGVE,RDISTEIYQAGNKPCNGVA,HLA-B*58:02,100.0,100.0,1.0,HLA-B
RDISTEIYQAGSKPCNGVEG,RDISTEIYQAGNKPCNGVAG,HLA-B*58:02,100.0,100.0,1.0,HLA-B
SKVGGNYNYRYRLFRKS,SKVSGNYNYLYRLFRKS,HLA-B*58:02,100.0,100.0,1.0,HLA-B
STEIYQAGSKPCN,STEIYQAGNKPCN,HLA-B*58:02,80.0,90.0,0.8888889,HLA-B
STEIYQAGSKPCNG,STEIYQAGNKPCNG,HLA-B*58:02,100.0,100.0,1.0,HLA-B
TEIYQAGSKPCNG,TEIYQAGNKPCNG,HLA-B*58:02,100.0,100.0,1.0,HLA-B
VCEFQFCNDPFLDVYYH,VCEFQFCNDPFLDH,HLA-B*58:02,90.0,90.0,1.0,HLA-B
VGGNYNYRYRL,VSGNYNYLYRL,HLA-B*58:02,37.0,10.471,3.533569,HLA-B
VGGNYNYRYRLFRK,VSGNYNYLYRLFRK,HLA-B*58:02,100.0,90.0,1.1111112,HLA-B
VGGNYNYRYRLFRKSN,VSGNYNYLYRLFRKSN,HLA-B*58:02,100.0,100.0,1.0,HLA-B
VGGNYNYRYRLFRKSNL,VSGNYNYLYRLFRKSNL,HLA-B*58:02,90.0,57.5,1.5652174,HLA-B
VGGNYNYRYRLFRKSNLKP,VSGNYNYLYRLFRKSNLKP,HLA-B*58:02,100.0,80.0,1.25,HLA-B
NVVNQNAQALNTLVKQLSSN,DVVNHNAQALNTLVKQLSSK,HLA-B*58:02,100.0,100.0,1.0,HLA-B
GKLQNVVNQNAQALNTLVK,GKLQDVVNHNAQALNTLVK,HLA-B*58:02,90.0,90.0,1.0,HLA-B
KLQNVVNQNAQALNTLV,KLQDVVNHNAQALNTLV,HLA-B*58:02,80.0,80.0,1.0,HLA-B
KSNLKPFERDISTEIYQAGSKP,KSNLKPFERDISTEIYQAGNKP,HLA-B*58:02,100.0,100.0,1.0,HLA-B
PFLDVYYH,PVLKGVKLH,HLA-B*58:02,80.0,28.5,2.8070176,HLA-B
PFLDVYYHK,PFLDHK,HLA-B*58:02,38.5,,,HLA-B
CNDPFLDVY,CNDPFL,HLA-B*58:02,8.694,,,HLA-B
LKPFERDISTEIYQAGSKPCNGVEGFNCYFPLQ,LKPFERDISTEIYQAGNKPCNGVAGFNCYFPLR,HLA-B*58:02,100.0,100.0,1.0,HLA-B
IYQAGSKPCNGVEGFNCYFP,IYQAGNKPCNGVAGFNCYFP,HLA-B*58:02,100.0,100.0,1.0,HLA-B
CEFQFCNDPFLDVYYHKNNK,CEFQFCNDPFLDHKNNK,HLA-B*58:02,100.0,90.0,1.1111112,HLA-B
DISTEIYQAGSKPC,DISTEIYQAGNKPC,HLA-B*58:02,100.0,100.0,1.0,HLA-B
DISTEIYQAGSKPCNG,DISTEIYQAGNKPCNG,HLA-B*58:02,100.0,100.0,1.0,HLA-B
EFQFCNDPFLDVYYH,EFQFCNDPFLDH,HLA-B*58:02,90.0,65.0,1.3846154,HLA-B
EIYQAGSK,EIYQAGNK,HLA-B*58:02,53.333,60.0,0.88888335,HLA-B
EIYQAGSKPCNGVEGFNCYF,EIYQAGNKPCNGVAGFNCYF,HLA-B*58:02,90.0,90.0,1.0,HLA-B
ISTEIYQAGSKPCNG,ISTEIYQAGNKPCNG,HLA-B*58:02,100.0,100.0,1.0,HLA-B
KSNLKPFERDISTEIYQAGSKPC,KSNLKPFERDISTEIYQAGNKPC,HLA-B*58:02,100.0,100.0,1.0,HLA-B
KVGGNYNYRYRLFRK,KVSGNYNYLYRLFRK,HLA-B*58:02,75.0,57.5,1.3043479,HLA-B
RDISTEIYQAGSKPCNGVEG,RDISTEIYQAGNKPCNGVAG,HLA-B*58:02,100.0,100.0,1.0,HLA-B
DSKVGGNYNYRYRLFRK,DSKVSGNYNYLYRLFRK,HLA-B*58:02,80.0,90.0,0.8888889,HLA-B
IGAGICASYQTQTNSRR,IGAGICASYQTQTKSHR,HLA-B*58:02,90.0,80.0,1.125,HLA-B
LDVYYHKNNKSWMESGV,LDHKNNKSWMESEF,HLA-B*58:02,100.0,70.0,1.4285715,HLA-B
PFERDISTEIYQAGSKP,PFERDISTEIYQAGNKP,HLA-B*58:02,100.0,100.0,1.0,HLA-B
QFCNDPFLDVYYHKNNK,QFCNDPFLDHKNNK,HLA-B*58:02,80.0,80.0,1.0,HLA-B
SRRRARSVASQSIIAYT,SHRRARSVASQSIIAYT,HLA-B*58:02,80.0,90.0,0.8888889,HLA-B
TEIYQAGSKPCNGVEGF,TEIYQAGNKPCNGVAGF,HLA-B*58:02,60.0,70.0,0.85714287,HLA-B
VIKVCEFQFCNDPFLDV,VIKVCEFQFCNDPFLDH,HLA-B*58:02,90.0,80.0,1.125,HLA-B
VLYQGVNCTEVPVAIHA,VLYQGVNCTEVPVAIHA,HLA-B*58:02,90.0,90.0,1.0,HLA-B
FLDVYYHKNNKSWMESG,FLDHKNNKSWMESE,HLA-B*58:02,100.0,90.0,1.1111112,HLA-B
GGNYNYRYRLFRKSNLKPFERDI,SGNYNYLYRLFRKSNLKPFERDI,HLA-B*58:02,100.0,100.0,1.0,HLA-B
FQFCNDPFLDVYYHKNNK,FQFCNDPFLDHKNNK,HLA-B*58:02,90.0,80.0,1.125,HLA-B
KVCEFQFCNDPFLDVYYHK,KVCEFQFCNDPFLDHK,HLA-B*58:02,50.0,55.0,0.90909094,HLA-B
LDSKVGGNYNYRYRLFRKS,LDSKVSGNYNYLYRLFRKS,HLA-B*58:02,100.0,100.0,1.0,HLA-B
QGVNCTEVPVAIHADQLTP,QGVNCTEVPVAIHADQLTP,HLA-B*58:02,80.0,80.0,1.0,HLA-B
GGNYNYRYRLFRKSNLKPFE,SGNYNYLYRLFRKSNLKPFE,HLA-B*58:02,100.0,100.0,1.0,HLA-B
GSKPCNGVEGFNCYFPLQSY,GNKPCNGVAGFNCYFPLRSY,HLA-B*58:02,70.0,75.0,0.93333334,HLA-B
WNSNNLDSKVGGNYNYRYRL,WNSNKLDSKVSGNYNYLYRL,HLA-B*58:02,100.0,100.0,1.0,HLA-B
IGAGICASYQTQTNSRRR,IGAGICASYQTQTKSHRR,HLA-B*58:02,80.0,80.0,1.0,HLA-B
NTSNQVAVLYQGVNCTEV,NTSNQVAVLYQGVNCTEV,HLA-B*58:02,80.0,80.0,1.0,HLA-B
SRRRARSVASQSIIAYTM,SHRRARSVASQSIIAYTM,HLA-B*58:02,70.0,70.0,1.0,HLA-B
EIYQAGSKPCNGV,EIYQAGNKPCNGV,HLA-B*58:02,80.0,80.0,1.0,HLA-B
LQNVVNQNAQALNTL,LQDVVNHNAQALNTL,HLA-B*15:10,26.455,21.818,1.2125309,HLA-B
VGGNYNYRYRLFRKS,VSGNYNYLYRLFRKS,HLA-B*15:10,100.0,100.0,1.0,HLA-B
AGCLIGAEHVNNSYECDIPIGAGICASYQTQTNSRRRARSVAS,AGCLIGAEYVNNSYECDIPIGAGICASYQTQTKSHRRARSVAS,HLA-B*15:10,100.0,100.0,1.0,HLA-B
FCNDPFLDVYY,FCNDPFL,HLA-B*15:10,31.571,,,HLA-B
KVCEFQFCNDPFLDVYYHKNNKSWMESGVYSSANNCTFEYV,KVCEFQFCNDPFLDHKNNKSWMESEFRVYSSANNCTFEYV,HLA-B*15:10,100.0,100.0,1.0,HLA-B
LPDDFTGCVIAWNSNNLDSKVGGNYNYRYRLFRKSNLKPFERD,LPDDFTGCVIAWNSNKLDSKVSGNYNYLYRLFRKSNLKPFERD,HLA-B*15:10,100.0,100.0,1.0,HLA-B
SYQTQTNSRRRARSVA,SYQTQTKSHRRARSVA,HLA-B*15:10,65.0,57.5,1.1304348,HLA-B
VLYQGVNCTEVPVAIHADQLTPTWRVYSTGSNVFQTRAGCLIG,VLYQGVNCTEVPVAIHADQLTPTWRVYSTGSNVFQTRAGCLIG,HLA-B*15:10,100.0,100.0,1.0,HLA-B
ERDISTEIYQAGSKPCNG,ERDISTEIYQAGNKPCNG,HLA-B*15:10,100.0,100.0,1.0,HLA-B
SYQTQTNSRRRARSVASQ,SYQTQTKSHRRARSVASQ,HLA-B*15:10,100.0,100.0,1.0,HLA-B
GGNYNYRYRLFRKSN,SGNYNYLYRLFRKSN,HLA-B*15:10,100.0,100.0,1.0,HLA-B
CEFQFCNDPFLDVYY,CEFQFCNDPFL,HLA-B*15:10,90.0,26.545,3.390469,HLA-B
EIYQAGSKPCNGVEG,EIYQAGNKPCNGVAG,HLA-B*15:10,100.0,100.0,1.0,HLA-B
GKLQNVVNQNAQALN,GKLQDVVNHNAQALN,HLA-B*15:10,100.0,100.0,1.0,HLA-B
LDSKVGGNYNYRYRL,LDSKVSGNYNYLYRL,HLA-B*15:10,70.0,80.0,0.875,HLA-B
LDVYYHKNNKSWMES,LDHKNNKSWMES,HLA-B*15:10,100.0,100.0,1.0,HLA-B
RDISTEIYQAGSKPC,RDISTEIYQAGNKPC,HLA-B*15:10,100.0,100.0,1.0,HLA-B
SRRRARSVA,SHRRARSVA,HLA-B*15:10,8.627,0.955,9.033508,HLA-B
FQFCNDPFLDVYYHK,FQFCNDPFLDHK,HLA-B*15:10,90.0,57.5,1.5652174,HLA-B
DVYYHKNNK,HKNNK,HLA-B*15:10,26.0,,,HLA-B
STEIYQAGSKPCNGV,STEIYQAGNKPCNGV,HLA-B*15:10,90.0,80.0,1.125,HLA-B
SKPCNGVEGFNCYFP,NKPCNGVAGFNCYFP,HLA-B*15:10,90.0,90.0,1.0,HLA-B
YQAGSKPCNGVEGFN,YQAGNKPCNGVAGFN,HLA-B*15:10,90.0,90.0,1.0,HLA-B
KVGGNYNYRY,KVSGNYNYLY,HLA-B*15:10,60.0,39.5,1.5189873,HLA-B
QTNSRRRAR,QTKSHRRAR,HLA-B*15:10,29.571,28.667,1.0315346,HLA-B
SRRRARSV,SHRRARSV,HLA-B*15:10,16.706,1.688,9.896919,HLA-B
VGGNYNYRY,VSGNYNYLY,HLA-B*15:10,38.667,25.0,1.54668,HLA-B
YQGVNCTEV,YQGVNCTEV,HLA-B*15:10,4.634,4.634,1.0,HLA-B
CEFQFCNDPFLDVY,CEFQFCNDPFL,HLA-B*15:10,72.5,26.545,2.7312112,HLA-B
CEFQFCNDPFLDVYY,CEFQFCNDPFL,HLA-B*15:10,90.0,26.545,3.390469,HLA-B
CEFQFCNDPFLDVYYH,CEFQFCNDPFLDH,HLA-B*15:10,100.0,90.0,1.1111112,HLA-B
CEFQFCNDPFLDVYYHK,CEFQFCNDPFLDHK,HLA-B*15:10,100.0,100.0,1.0,HLA-B
CEFQFCNDPFLDVYYHKN,CEFQFCNDPFLDHKN,HLA-B*15:10,100.0,100.0,1.0,HLA-B
DISTEIYQAGSKPC,DISTEIYQAGNKPC,HLA-B*15:10,100.0,100.0,1.0,HLA-B
DISTEIYQAGSKPCNG,DISTEIYQAGNKPCNG,HLA-B*15:10,100.0,100.0,1.0,HLA-B
DISTEIYQAGSKPCNG,DISTEIYQAGNKPCNG,HLA-B*15:10,100.0,100.0,1.0,HLA-B
DISTEIYQAGSKPCNGVE,DISTEIYQAGNKPCNGVA,HLA-B*15:10,100.0,100.0,1.0,HLA-B
DISTEIYQAGSKPCNGVEG,DISTEIYQAGNKPCNGVAG,HLA-B*15:10,100.0,100.0,1.0,HLA-B
NVVNQNAQALNTLVKQLSSNFG,DVVNHNAQALNTLVKQLSSKFG,HLA-B*15:10,100.0,100.0,1.0,HLA-B
EFQFCNDPFLDVY,EFQFCNDPFL,HLA-B*15:10,56.25,11.19,5.0268097,HLA-B
EFQFCNDPFLDVYY,EFQFCNDPFL,HLA-B*15:10,80.0,11.19,7.1492405,HLA-B
EFQFCNDPFLDVYY,EFQFCNDPFL,HLA-B*15:10,80.0,11.19,7.1492405,HLA-B
EFQFCNDPFLDVYYH,EFQFCNDPFLDH,HLA-B*15:10,100.0,70.0,1.4285715,HLA-B
EFQFCNDPFLDVYYH,EFQFCNDPFLDH,HLA-B*15:10,100.0,70.0,1.4285715,HLA-B
EFQFCNDPFLDVYYHK,EFQFCNDPFLDHK,HLA-B*15:10,100.0,100.0,1.0,HLA-B
EFQFCNDPFLDVYYHK,EFQFCNDPFLDHK,HLA-B*15:10,100.0,100.0,1.0,HLA-B
EFQFCNDPFLDVYYHKN,EFQFCNDPFLDHKN,HLA-B*15:10,100.0,100.0,1.0,HLA-B
EFQFCNDPFLDVYYHKN,EFQFCNDPFLDHKN,HLA-B*15:10,100.0,100.0,1.0,HLA-B
EIYQAGSKPCNGVE,EIYQAGNKPCNGVA,HLA-B*15:10,100.0,70.0,1.4285715,HLA-B
FCNDPFLDVY,FCNDPFL,HLA-B*15:10,19.688,,,HLA-B
FCNDPFLDVYY,FCNDPFL,HLA-B*15:10,31.571,,,HLA-B
FCNDPFLDVYYH,FCNDPFLDH,HLA-B*15:10,72.5,18.306,3.9604502,HLA-B
FCNDPFLDVYYH,FCNDPFLDH,HLA-B*15:10,72.5,18.306,3.9604502,HLA-B
FQFCNDPFLDVYY,FQFCNDPFL,HLA-B*15:10,44.5,0.994,44.768612,HLA-B
FQFCNDPFLDVYY,FQFCNDPFL,HLA-B*15:10,44.5,0.994,44.768612,HLA-B
FQFCNDPFLDVYYH,FQFCNDPFLDH,HLA-B*15:10,80.0,17.778,4.4999437,HLA-B
FQFCNDPFLDVYYH,FQFCNDPFLDH,HLA-B*15:10,80.0,17.778,4.4999437,HLA-B
GGNYNYRYRLFRK,SGNYNYLYRLFRK,HLA-B*15:10,100.0,100.0,1.0,HLA-B
GGNYNYRYRLFRKSNLKPF,SGNYNYLYRLFRKSNLKPF,HLA-B*15:10,80.0,57.5,1.3913044,HLA-B
ISTEIYQAGSKPC,ISTEIYQAGNKPC,HLA-B*15:10,100.0,100.0,1.0,HLA-B
ISTEIYQAGSKPCN,ISTEIYQAGNKPCN,HLA-B*15:10,100.0,100.0,1.0,HLA-B
ISTEIYQAGSKPCNG,ISTEIYQAGNKPCNG,HLA-B*15:10,100.0,100.0,1.0,HLA-B
ISTEIYQAGSKPCNG,ISTEIYQAGNKPCNG,HLA-B*15:10,100.0,100.0,1.0,HLA-B
ISTEIYQAGSKPCNGVE,ISTEIYQAGNKPCNGVA,HLA-B*15:10,100.0,100.0,1.0,HLA-B
KVGGNYNYRYRLFRKS,KVSGNYNYLYRLFRKS,HLA-B*15:10,100.0,100.0,1.0,HLA-B
NATNVVIKVCEFQFCNDPFLDVYY,NATNVVIKVCEFQFCNDPFL,HLA-B*15:10,100.0,100.0,1.0,HLA-B
RDISTEIYQAGSKPCNG,RDISTEIYQAGNKPCNG,HLA-B*15:10,100.0,100.0,1.0,HLA-B
RDISTEIYQAGSKPCNG,RDISTEIYQAGNKPCNG,HLA-B*15:10,100.0,100.0,1.0,HLA-B
RDISTEIYQAGSKPCNGVE,RDISTEIYQAGNKPCNGVA,HLA-B*15:10,100.0,100.0,1.0,HLA-B
RDISTEIYQAGSKPCNGVEG,RDISTEIYQAGNKPCNGVAG,HLA-B*15:10,100.0,100.0,1.0,HLA-B
SKVGGNYNYRYRLFRKS,SKVSGNYNYLYRLFRKS,HLA-B*15:10,100.0,100.0,1.0,HLA-B
STEIYQAGSKPCN,STEIYQAGNKPCN,HLA-B*15:10,100.0,100.0,1.0,HLA-B
STEIYQAGSKPCNG,STEIYQAGNKPCNG,HLA-B*15:10,100.0,100.0,1.0,HLA-B
TEIYQAGSKPCNG,TEIYQAGNKPCNG,HLA-B*15:10,100.0,100.0,1.0,HLA-B
VCEFQFCNDPFLDVYYH,VCEFQFCNDPFLDH,HLA-B*15:10,100.0,100.0,1.0,HLA-B
VGGNYNYRYRL,VSGNYNYLYRL,HLA-B*15:10,48.5,42.0,1.1547619,HLA-B
VGGNYNYRYRLFRK,VSGNYNYLYRLFRK,HLA-B*15:10,100.0,100.0,1.0,HLA-B
VGGNYNYRYRLFRKSN,VSGNYNYLYRLFRKSN,HLA-B*15:10,100.0,100.0,1.0,HLA-B
VGGNYNYRYRLFRKSNL,VSGNYNYLYRLFRKSNL,HLA-B*15:10,80.0,80.0,1.0,HLA-B
VGGNYNYRYRLFRKSNLKP,VSGNYNYLYRLFRKSNLKP,HLA-B*15:10,100.0,100.0,1.0,HLA-B
NVVNQNAQALNTLVKQLSSN,DVVNHNAQALNTLVKQLSSK,HLA-B*15:10,100.0,100.0,1.0,HLA-B
GKLQNVVNQNAQALNTLVK,GKLQDVVNHNAQALNTLVK,HLA-B*15:10,100.0,100.0,1.0,HLA-B
KLQNVVNQNAQALNTLV,KLQDVVNHNAQALNTLV,HLA-B*15:10,100.0,90.0,1.1111112,HLA-B
KSNLKPFERDISTEIYQAGSKP,KSNLKPFERDISTEIYQAGNKP,HLA-B*15:10,100.0,100.0,1.0,HLA-B
PFLDVYYH,PVLKGVKLH,HLA-B*15:10,70.0,58.75,1.1914893,HLA-B
PFLDVYYHK,PFLDHK,HLA-B*15:10,80.0,,,HLA-B
CNDPFLDVY,CNDPFL,HLA-B*15:10,16.51,,,HLA-B
LKPFERDISTEIYQAGSKPCNGVEGFNCYFPLQ,LKPFERDISTEIYQAGNKPCNGVAGFNCYFPLR,HLA-B*15:10,100.0,100.0,1.0,HLA-B
IYQAGSKPCNGVEGFNCYFP,IYQAGNKPCNGVAGFNCYFP,HLA-B*15:10,100.0,100.0,1.0,HLA-B
CEFQFCNDPFLDVYYHKNNK,CEFQFCNDPFLDHKNNK,HLA-B*15:10,100.0,100.0,1.0,HLA-B
DISTEIYQAGSKPC,DISTEIYQAGNKPC,HLA-B*15:10,100.0,100.0,1.0,HLA-B
DISTEIYQAGSKPCNG,DISTEIYQAGNKPCNG,HLA-B*15:10,100.0,100.0,1.0,HLA-B
EFQFCNDPFLDVYYH,EFQFCNDPFLDH,HLA-B*15:10,100.0,70.0,1.4285715,HLA-B
EIYQAGSK,EIYQAGNK,HLA-B*15:10,44.0,49.0,0.8979592,HLA-B
EIYQAGSKPCNGVEGFNCYF,EIYQAGNKPCNGVAGFNCYF,HLA-B*15:10,90.0,90.0,1.0,HLA-B
ISTEIYQAGSKPCNG,ISTEIYQAGNKPCNG,HLA-B*15:10,100.0,100.0,1.0,HLA-B
KSNLKPFERDISTEIYQAGSKPC,KSNLKPFERDISTEIYQAGNKPC,HLA-B*15:10,100.0,100.0,1.0,HLA-B
KVGGNYNYRYRLFRK,KVSGNYNYLYRLFRK,HLA-B*15:10,100.0,100.0,1.0,HLA-B
RDISTEIYQAGSKPCNGVEG,RDISTEIYQAGNKPCNGVAG,HLA-B*15:10,100.0,100.0,1.0,HLA-B
DSKVGGNYNYRYRLFRK,DSKVSGNYNYLYRLFRK,HLA-B*15:10,100.0,100.0,1.0,HLA-B
IGAGICASYQTQTNSRR,IGAGICASYQTQTKSHR,HLA-B*15:10,100.0,100.0,1.0,HLA-B
LDVYYHKNNKSWMESGV,LDHKNNKSWMESEF,HLA-B*15:10,100.0,70.0,1.4285715,HLA-B
PFERDISTEIYQAGSKP,PFERDISTEIYQAGNKP,HLA-B*15:10,100.0,100.0,1.0,HLA-B
QFCNDPFLDVYYHKNNK,QFCNDPFLDHKNNK,HLA-B*15:10,100.0,100.0,1.0,HLA-B
SRRRARSVASQSIIAYT,SHRRARSVASQSIIAYT,HLA-B*15:10,57.5,43.5,1.3218391,HLA-B
TEIYQAGSKPCNGVEGF,TEIYQAGNKPCNGVAGF,HLA-B*15:10,56.25,56.25,1.0,HLA-B
VIKVCEFQFCNDPFLDV,VIKVCEFQFCNDPFLDH,HLA-B*15:10,100.0,100.0,1.0,HLA-B
VLYQGVNCTEVPVAIHA,VLYQGVNCTEVPVAIHA,HLA-B*15:10,72.5,72.5,1.0,HLA-B
FLDVYYHKNNKSWMESG,FLDHKNNKSWMESE,HLA-B*15:10,100.0,100.0,1.0,HLA-B
GGNYNYRYRLFRKSNLKPFERDI,SGNYNYLYRLFRKSNLKPFERDI,HLA-B*15:10,100.0,100.0,1.0,HLA-B
FQFCNDPFLDVYYHKNNK,FQFCNDPFLDHKNNK,HLA-B*15:10,90.0,80.0,1.125,HLA-B
KVCEFQFCNDPFLDVYYHK,KVCEFQFCNDPFLDHK,HLA-B*15:10,100.0,100.0,1.0,HLA-B
LDSKVGGNYNYRYRLFRKS,LDSKVSGNYNYLYRLFRKS,HLA-B*15:10,100.0,100.0,1.0,HLA-B
QGVNCTEVPVAIHADQLTP,QGVNCTEVPVAIHADQLTP,HLA-B*15:10,100.0,100.0,1.0,HLA-B
GGNYNYRYRLFRKSNLKPFE,SGNYNYLYRLFRKSNLKPFE,HLA-B*15:10,100.0,100.0,1.0,HLA-B
GSKPCNGVEGFNCYFPLQSY,GNKPCNGVAGFNCYFPLRSY,HLA-B*15:10,80.0,90.0,0.8888889,HLA-B
WNSNNLDSKVGGNYNYRYRL,WNSNKLDSKVSGNYNYLYRL,HLA-B*15:10,100.0,100.0,1.0,HLA-B
IGAGICASYQTQTNSRRR,IGAGICASYQTQTKSHRR,HLA-B*15:10,100.0,100.0,1.0,HLA-B
NTSNQVAVLYQGVNCTEV,NTSNQVAVLYQGVNCTEV,HLA-B*15:10,90.0,90.0,1.0,HLA-B
SRRRARSVASQSIIAYTM,SHRRARSVASQSIIAYTM,HLA-B*15:10,28.222,4.951,5.7002625,HLA-B
EIYQAGSKPCNGV,EIYQAGNKPCNGV,HLA-B*15:10,55.0,55.0,1.0,HLA-B
